id,index,query,family,complexity,industry,geography,geography_basis,size_band,business_model,filter_tags,signal_tags,tags,time_window,acceptance,conditions,rule,company_unit,evidence,verification_methods,observability,expected_count,satisfiability,pitfalls,gtm_use_case,source_basis,source_ids,source_urls,reference,logic,track,revision,primary_category
CSB-001,1,Find B2B SaaS companies headquartered in the United States.,Firmographics,L1,Software,United States,HQ,unconstrained,B2B SaaS,"[""industry"", ""headquarters"", ""business_model""]",[],"[""simple""]",current,Operating company sells subscription software to businesses and has US headquarters.,"[{""id"": ""requirements"", ""description"": ""Find B2B SaaS companies headquartered in the United States. Acceptance interpretation: Operating company sells subscription software to businesses and has US headquarters."", ""evidence_types"": [""public_text""]}]","{""op"": ""condition"", ""condition_id"": ""requirements"", ""children"": []}",One independently operating company; do not merge distinct subsidiaries solely because they share a parent.,"Company product, pricing and headquarters pages.","[""public_text""]",Public evidence may be incomplete; absence of evidence is unknown.,unknown,unverified,US customers do not imply US headquarters.,Broad territory and total-addressable-market discovery.,source_inspired,"[""R01"", ""R02""]","[""https://business.linkedin.com/sell/sales-navigator/advanced-search-filters"", ""https://knowledge.apollo.io/hc/en-us/articles/4412665755661-Use-Search-Filters-to-Find-Prospects""]",,AND,public_web,2.0.0,firmographic
CSB-002,2,Find marketing agencies headquartered in the United Kingdom with 11–50 employees.,Firmographics,L2,Marketing and advertising,United Kingdom,HQ,11–50 employees,services,"[""industry"", ""headquarters"", ""employee_count""]",[],[],current,"Agency service offering, UK HQ and dated headcount in the inclusive range.","[{""id"": ""requirements"", ""description"": ""Find marketing agencies headquartered in the United Kingdom with 11–50 employees. Acceptance interpretation: Agency service offering, UK HQ and dated headcount in the inclusive range."", ""evidence_types"": [""public_text""]}]","{""op"": ""condition"", ""condition_id"": ""requirements"", ""children"": []}",One independently operating company; do not merge distinct subsidiaries solely because they share a parent.,Agency website and dated company headcount source.,"[""public_text""]",Public evidence may be incomplete; absence of evidence is unknown.,unknown,unverified,A software vendor describing marketing is not an agency.,Agency-focused CRM and project management prospecting.,source_inspired,"[""R01"", ""R02""]","[""https://business.linkedin.com/sell/sales-navigator/advanced-search-filters"", ""https://knowledge.apollo.io/hc/en-us/articles/4412665755661-Use-Search-Filters-to-Find-Prospects""]",,AND,public_web,2.0.0,firmographic
CSB-003,3,Find manufacturing companies headquartered in Germany.,Firmographics,L1,Manufacturing,Germany,HQ,unconstrained,manufacturer,"[""industry"", ""headquarters""]",[],"[""simple""]",current,Company makes physical products and is headquartered in Germany.,"[{""id"": ""requirements"", ""description"": ""Find manufacturing companies headquartered in Germany. Acceptance interpretation: Company makes physical products and is headquartered in Germany."", ""evidence_types"": [""public_text""]}]","{""op"": ""condition"", ""condition_id"": ""requirements"", ""children"": []}",One independently operating company; do not merge distinct subsidiaries solely because they share a parent.,Company about and manufacturing pages.,"[""public_text""]",Public evidence may be incomplete; absence of evidence is unknown.,unknown,unverified,A distributor without manufacturing does not qualify.,Broad industrial territory coverage.,source_inspired,"[""R01""]","[""https://business.linkedin.com/sell/sales-navigator/advanced-search-filters""]",,AND,public_web,2.0.0,firmographic
CSB-004,4,Find accounting firms headquartered in Canada with 51–200 employees.,Firmographics,L2,Professional and business services,Canada,HQ,51–200 employees,services,"[""industry"", ""headquarters"", ""employee_count""]",[],[],current,"Accounting is a delivered service, HQ is in Canada, and company-wide headcount is 51–200.","[{""id"": ""requirements"", ""description"": ""Find accounting firms headquartered in Canada with 51–200 employees. Acceptance interpretation: Accounting is a delivered service, HQ is in Canada, and company-wide headcount is 51–200."", ""evidence_types"": [""public_text""]}]","{""op"": ""condition"", ""condition_id"": ""requirements"", ""children"": []}",One independently operating company; do not merge distinct subsidiaries solely because they share a parent.,"Services page, HQ address and dated employee range.","[""public_text""]",Public evidence may be incomplete; absence of evidence is unknown.,unknown,unverified,Count the firm rather than the global affiliation network.,Practice management and workflow software sales.,source_inspired,"[""R02""]","[""https://knowledge.apollo.io/hc/en-us/articles/4412665755661-Use-Search-Filters-to-Find-Prospects""]",,AND,public_web,2.0.0,firmographic
CSB-005,5,Find for-profit hospital operating companies headquartered in the United States.,Ownership,L2,Healthcare and life sciences,United States,HQ,unconstrained,hospital operator,"[""industry"", ""headquarters"", ""ownership""]",[],[],current,"Company operates hospitals, has US HQ and explicitly documented for-profit status.","[{""id"": ""requirements"", ""description"": ""Find for-profit hospital operating companies headquartered in the United States. Acceptance interpretation: Company operates hospitals, has US HQ and explicitly documented for-profit status."", ""evidence_types"": [""public_text""]}]","{""op"": ""condition"", ""condition_id"": ""requirements"", ""children"": []}",One independently operating company; do not merge distinct subsidiaries solely because they share a parent.,Operator website and ownership or corporate filing.,"[""public_text""]",Public evidence may be incomplete; absence of evidence is unknown.,unknown,unverified,Nonprofit systems and hospital suppliers are excluded.,Hospital operations vendor account mapping.,original,[],[],,AND,public_web,2.0.0,firmographic
CSB-006,6,Find restaurant operating companies headquartered in Singapore.,Firmographics,L1,Hospitality and leisure,Singapore,HQ,unconstrained,restaurant operator,"[""industry"", ""headquarters""]",[],"[""simple""]",current,Entity operates restaurants and has HQ in Singapore; return each operator once.,"[{""id"": ""requirements"", ""description"": ""Find restaurant operating companies headquartered in Singapore. Acceptance interpretation: Entity operates restaurants and has HQ in Singapore; return each operator once."", ""evidence_types"": [""public_text""]}]","{""op"": ""condition"", ""condition_id"": ""requirements"", ""children"": []}",One independently operating company; do not merge distinct subsidiaries solely because they share a parent.,Company about page and restaurant portfolio.,"[""public_text""]",Public evidence may be incomplete; absence of evidence is unknown.,unknown,unverified,Individual outlets are not separate companies.,Restaurant payments and purchasing prospecting.,source_inspired,"[""R01""]","[""https://business.linkedin.com/sell/sales-navigator/advanced-search-filters""]",,AND,public_web,2.0.0,firmographic
CSB-007,7,Find logistics companies headquartered in Brazil with 51–200 employees.,Firmographics,L2,Transportation and logistics,Brazil,HQ,51–200 employees,logistics services,"[""industry"", ""headquarters"", ""employee_count""]",[],[],current,"Provides freight, forwarding or warehousing services; Brazilian HQ and dated headcount match.","[{""id"": ""requirements"", ""description"": ""Find logistics companies headquartered in Brazil with 51–200 employees. Acceptance interpretation: Provides freight, forwarding or warehousing services; Brazilian HQ and dated headcount match."", ""evidence_types"": [""public_text""]}]","{""op"": ""condition"", ""condition_id"": ""requirements"", ""children"": []}",One independently operating company; do not merge distinct subsidiaries solely because they share a parent.,Portuguese or English company website and dated headcount source.,"[""public_text""]",Public evidence may be incomplete; absence of evidence is unknown.,unknown,unverified,Logistics software vendors are not logistics operators.,Fleet and operations software territory discovery.,source_inspired,"[""R02""]","[""https://knowledge.apollo.io/hc/en-us/articles/4412665755661-Use-Search-Filters-to-Find-Prospects""]",,AND,public_web,2.0.0,firmographic
CSB-008,8,Find law firms headquartered in Australia with 11–50 employees.,Firmographics,L2,Professional and business services,Australia,HQ,11–50 employees,services,"[""industry"", ""headquarters"", ""employee_count""]",[],[],current,Practicing law firm with Australian HQ and 11–50 total employees.,"[{""id"": ""requirements"", ""description"": ""Find law firms headquartered in Australia with 11–50 employees. Acceptance interpretation: Practicing law firm with Australian HQ and 11–50 total employees."", ""evidence_types"": [""public_text""]}]","{""op"": ""condition"", ""condition_id"": ""requirements"", ""children"": []}",One independently operating company; do not merge distinct subsidiaries solely because they share a parent.,"Firm website, address and dated headcount source.","[""public_text""]",Public evidence may be incomplete; absence of evidence is unknown.,unknown,unverified,Do not substitute lawyer count for total employees.,Legal practice management prospecting.,source_inspired,"[""R02""]","[""https://knowledge.apollo.io/hc/en-us/articles/4412665755661-Use-Search-Filters-to-Find-Prospects""]",,AND,public_web,2.0.0,firmographic
CSB-009,9,Find IT services companies headquartered in South Africa with 51–200 employees.,Firmographics,L2,IT services,South Africa,HQ,51–200 employees,services,"[""industry"", ""headquarters"", ""employee_count""]",[],[],current,"Company provides IT services, HQ in South Africa, employee range supported.","[{""id"": ""requirements"", ""description"": ""Find IT services companies headquartered in South Africa with 51–200 employees. Acceptance interpretation: Company provides IT services, HQ in South Africa, employee range supported."", ""evidence_types"": [""public_text""]}]","{""op"": ""condition"", ""condition_id"": ""requirements"", ""children"": []}",One independently operating company; do not merge distinct subsidiaries solely because they share a parent.,"Services, headquarters and dated headcount pages.","[""public_text""]",Public evidence may be incomplete; absence of evidence is unknown.,unknown,unverified,Branch presence is not headquarters.,Channel and service-provider prospecting.,source_inspired,"[""R01"", ""R02""]","[""https://business.linkedin.com/sell/sales-navigator/advanced-search-filters"", ""https://knowledge.apollo.io/hc/en-us/articles/4412665755661-Use-Search-Filters-to-Find-Prospects""]",,AND,public_web,2.0.0,firmographic
CSB-010,10,Find wholesale distributors headquartered in the United Arab Emirates.,Firmographics,L1,Wholesale and distribution,United Arab Emirates,HQ,unconstrained,wholesale,"[""industry"", ""headquarters"", ""business_model""]",[],"[""simple""]",current,Company sells goods wholesale to other businesses and has UAE HQ.,"[{""id"": ""requirements"", ""description"": ""Find wholesale distributors headquartered in the United Arab Emirates. Acceptance interpretation: Company sells goods wholesale to other businesses and has UAE HQ."", ""evidence_types"": [""public_text""]}]","{""op"": ""condition"", ""condition_id"": ""requirements"", ""children"": []}",One independently operating company; do not merge distinct subsidiaries solely because they share a parent.,Wholesale offering and company address.,"[""public_text""]",Public evidence may be incomplete; absence of evidence is unknown.,unknown,unverified,Retail-only stores do not qualify.,Distributor ERP and trade finance prospecting.,source_inspired,"[""R01""]","[""https://business.linkedin.com/sell/sales-navigator/advanced-search-filters""]",,AND,public_web,2.0.0,firmographic
CSB-011,11,Find US-headquartered publicly traded software companies reporting US$100 million to US$1 billion in annual revenue in the latest annual report publicly available by the run date.,Financial profile,L3,Software,United States,HQ,US$100m–US$1bn annual revenue,software,"[""industry"", ""headquarters"", ""public_status"", ""revenue""]",[],"[""time_sensitive""]",latest_completed_fiscal_year,"Current public listing, US HQ and reported consolidated annual revenue within range; use latest fiscal-year report available at run date.","[{""id"": ""requirements"", ""description"": ""Find US-headquartered publicly traded software companies reporting US$100 million to US$1 billion in annual revenue in the latest annual report publicly available by the run date. Acceptance interpretation: Current public listing, US HQ and reported consolidated annual revenue within range; use latest fiscal-year report available at run date."", ""evidence_types"": [""public_text""]}]","{""op"": ""condition"", ""condition_id"": ""requirements"", ""children"": []}",One independently operating company; do not merge distinct subsidiaries solely because they share a parent.,Exchange listing and annual report with currency and fiscal year.,"[""public_text""]",Public evidence may be incomplete; absence of evidence is unknown.,unknown,unverified,Revenue is not market capitalization or ARR.,Enterprise software territory sizing.,source_inspired,"[""R02""]","[""https://knowledge.apollo.io/hc/en-us/articles/4412665755661-Use-Search-Filters-to-Find-Prospects""]",,AND,public_web,2.0.0,firmographic
CSB-012,12,"Find software companies headquartered in France, founded in 2018 or later, with 11–200 employees.",Firmographics,L2,Software,France,HQ,11–200 employees,software,"[""industry"", ""headquarters"", ""founded_year"", ""employee_count""]",[],[],current,"All four constraints supported; founding date refers to operating company, not latest rebrand.","[{""id"": ""requirements"", ""description"": ""Find software companies headquartered in France, founded in 2018 or later, with 11–200 employees. Acceptance interpretation: All four constraints supported; founding date refers to operating company, not latest rebrand."", ""evidence_types"": [""public_text""]}]","{""op"": ""condition"", ""condition_id"": ""requirements"", ""children"": []}",One independently operating company; do not merge distinct subsidiaries solely because they share a parent.,"Company founding history, HQ and dated headcount.","[""public_text""]",Public evidence may be incomplete; absence of evidence is unknown.,unknown,unverified,Reincorporation is not original founding.,Scale-up tools and services prospecting.,source_inspired,"[""R02""]","[""https://knowledge.apollo.io/hc/en-us/articles/4412665755661-Use-Search-Filters-to-Find-Prospects""]",,AND,public_web,2.0.0,firmographic
CSB-013,13,Find video game development studios headquartered in Japan.,Firmographics,L1,Media and entertainment,Japan,HQ,unconstrained,game developer,"[""industry"", ""headquarters""]",[],"[""simple""]",current,Company develops games and has Japanese HQ.,"[{""id"": ""requirements"", ""description"": ""Find video game development studios headquartered in Japan. Acceptance interpretation: Company develops games and has Japanese HQ."", ""evidence_types"": [""public_text""]}]","{""op"": ""condition"", ""condition_id"": ""requirements"", ""children"": []}",One independently operating company; do not merge distinct subsidiaries solely because they share a parent.,Studio website and game credits.,"[""public_text""]",Public evidence may be incomplete; absence of evidence is unknown.,unknown,unverified,Publishers without development operations do not qualify.,Developer infrastructure and localization sales.,source_inspired,"[""R01""]","[""https://business.linkedin.com/sell/sales-navigator/advanced-search-filters""]",,AND,public_web,2.0.0,firmographic
CSB-014,14,Find automotive parts manufacturers headquartered in Mexico.,Firmographics,L1,Manufacturing,Mexico,HQ,unconstrained,manufacturer,"[""industry"", ""headquarters"", ""product_category""]",[],"[""simple""]",current,Company manufactures vehicle components and has Mexico HQ.,"[{""id"": ""requirements"", ""description"": ""Find automotive parts manufacturers headquartered in Mexico. Acceptance interpretation: Company manufactures vehicle components and has Mexico HQ."", ""evidence_types"": [""public_text""]}]","{""op"": ""condition"", ""condition_id"": ""requirements"", ""children"": []}",One independently operating company; do not merge distinct subsidiaries solely because they share a parent.,Manufacturing capabilities and headquarters pages.,"[""public_text""]",Public evidence may be incomplete; absence of evidence is unknown.,unknown,unverified,An overseas company with only a Mexican factory fails HQ.,Industrial supplier account discovery.,source_inspired,"[""R02""]","[""https://knowledge.apollo.io/hc/en-us/articles/4412665755661-Use-Search-Filters-to-Find-Prospects""]",,AND,public_web,2.0.0,firmographic
CSB-015,15,"Find construction contractors headquartered in Spain with 201–1,000 employees.",Firmographics,L2,Construction and real estate,Spain,HQ,"201–1,000 employees",contractor,"[""industry"", ""headquarters"", ""employee_count""]",[],[],current,"Contractor executes construction projects, Spanish HQ and dated headcount match.","[{""id"": ""requirements"", ""description"": ""Find construction contractors headquartered in Spain with 201–1,000 employees. Acceptance interpretation: Contractor executes construction projects, Spanish HQ and dated headcount match."", ""evidence_types"": [""public_text""]}]","{""op"": ""condition"", ""condition_id"": ""requirements"", ""children"": []}",One independently operating company; do not merge distinct subsidiaries solely because they share a parent.,Project portfolio and company profile.,"[""public_text""]",Public evidence may be incomplete; absence of evidence is unknown.,unknown,unverified,Property owners with no contracting business do not qualify.,Construction planning and workforce tools.,source_inspired,"[""R01""]","[""https://business.linkedin.com/sell/sales-navigator/advanced-search-filters""]",,AND,public_web,2.0.0,firmographic
CSB-016,16,"Find home healthcare companies headquartered in Texas, United States.",Firmographics,L1,Healthcare and life sciences,"Texas, United States",HQ,unconstrained,care provider,"[""industry"", ""headquarters""]",[],"[""simple""]",current,Company delivers care in patients’ homes and has HQ in Texas.,"[{""id"": ""requirements"", ""description"": ""Find home healthcare companies headquartered in Texas, United States. Acceptance interpretation: Company delivers care in patients’ homes and has HQ in Texas."", ""evidence_types"": [""public_text""]}]","{""op"": ""condition"", ""condition_id"": ""requirements"", ""children"": []}",One independently operating company; do not merge distinct subsidiaries solely because they share a parent.,Care services page and corporate address.,"[""public_text""]",Public evidence may be incomplete; absence of evidence is unknown.,unknown,unverified,Assisted-living facilities alone do not qualify.,Care scheduling and billing software prospecting.,source_inspired,"[""R02""]","[""https://knowledge.apollo.io/hc/en-us/articles/4412665755661-Use-Search-Filters-to-Find-Prospects""]",,AND,public_web,2.0.0,firmographic
CSB-017,17,Find companies headquartered in Kenya that install commercial solar systems.,Firmographics,L1,Energy and utilities,Kenya,HQ,unconstrained,installer,"[""headquarters"", ""service_offering""]",[],"[""simple""]",current,Kenyan HQ and explicit commercial solar installation services.,"[{""id"": ""requirements"", ""description"": ""Find companies headquartered in Kenya that install commercial solar systems. Acceptance interpretation: Kenyan HQ and explicit commercial solar installation services."", ""evidence_types"": [""public_text""]}]","{""op"": ""condition"", ""condition_id"": ""requirements"", ""children"": []}",One independently operating company; do not merge distinct subsidiaries solely because they share a parent.,Company services and address pages.,"[""public_text""]",Public evidence may be incomplete; absence of evidence is unknown.,unknown,unverified,Solar equipment retail alone is insufficient.,Solar installer financing and channel sales.,original,[],[],,AND,public_web,2.0.0,firmographic
CSB-018,18,Find US-headquartered manufacturing companies that publicly state they are majority employee-owned.,Ownership,L3,Manufacturing,United States,HQ,unconstrained,manufacturer,"[""industry"", ""headquarters"", ""ownership""]",[],[],current,"Current statement says more than 50% employee ownership, including 100% ESOP ownership; US HQ and manufacturing required.","[{""id"": ""requirements"", ""description"": ""Find US-headquartered manufacturing companies that publicly state they are majority employee-owned. Acceptance interpretation: Current statement says more than 50% employee ownership, including 100% ESOP ownership; US HQ and manufacturing required."", ""evidence_types"": [""public_text""]}]","{""op"": ""condition"", ""condition_id"": ""requirements"", ""children"": []}",One independently operating company; do not merge distinct subsidiaries solely because they share a parent.,Ownership statement with share or majority language and product pages.,"[""public_text""]",Public evidence may be incomplete; absence of evidence is unknown.,unknown,unverified,Offering stock options is not majority employee ownership.,Ownership-specific insurance and benefits prospecting.,original,[],[],,AND,public_web,2.0.0,firmographic
CSB-019,19,Find credit unions headquartered in Canada.,Firmographics,L1,Financial services,Canada,HQ,unconstrained,member-owned financial institution,"[""industry"", ""headquarters""]",[],"[""simple""]",current,Operating Canadian-headquartered credit union; deduplicate branch records.,"[{""id"": ""requirements"", ""description"": ""Find credit unions headquartered in Canada. Acceptance interpretation: Operating Canadian-headquartered credit union; deduplicate branch records."", ""evidence_types"": [""public_text""]}]","{""op"": ""condition"", ""condition_id"": ""requirements"", ""children"": []}",One independently operating company; do not merge distinct subsidiaries solely because they share a parent.,Official institution website or credit-union directory.,"[""public_text""]",Public evidence may be incomplete; absence of evidence is unknown.,unknown,unverified,Commercial banks and associations do not qualify.,Financial institution core platform prospecting.,source_inspired,"[""R01""]","[""https://business.linkedin.com/sell/sales-navigator/advanced-search-filters""]",,AND,public_web,2.0.0,firmographic
CSB-020,20,Find telecommunications network operators headquartered in France.,Firmographics,L1,Telecommunications,France,HQ,unconstrained,network operator,"[""industry"", ""headquarters""]",[],"[""simple""]",current,Company operates a telecom network and has French HQ.,"[{""id"": ""requirements"", ""description"": ""Find telecommunications network operators headquartered in France. Acceptance interpretation: Company operates a telecom network and has French HQ."", ""evidence_types"": [""public_text""]}]","{""op"": ""condition"", ""condition_id"": ""requirements"", ""children"": []}",One independently operating company; do not merge distinct subsidiaries solely because they share a parent.,Company network and corporate pages.,"[""public_text""]",Public evidence may be incomplete; absence of evidence is unknown.,unknown,unverified,Telecom equipment manufacturers are not operators.,Network operations account discovery.,source_inspired,"[""R02""]","[""https://knowledge.apollo.io/hc/en-us/articles/4412665755661-Use-Search-Filters-to-Find-Prospects""]",,AND,public_web,2.0.0,firmographic
CSB-021,21,Find UK-headquartered recruitment agencies specializing in permanent placements for nursing roles.,Semantic niche,L2,Professional and business services,United Kingdom,HQ,unconstrained,recruitment services,"[""headquarters"", ""service_offering"", ""customer_vertical""]",[],[],current,"Evidence explicitly covers nursing recruitment and permanent placements, plus UK HQ.","[{""id"": ""requirements"", ""description"": ""Find UK-headquartered recruitment agencies specializing in permanent placements for nursing roles. Acceptance interpretation: Evidence explicitly covers nursing recruitment and permanent placements, plus UK HQ."", ""evidence_types"": [""public_text""]}]","{""op"": ""condition"", ""condition_id"": ""requirements"", ""children"": []}",One independently operating company; do not merge distinct subsidiaries solely because they share a parent.,Recruitment service pages.,"[""public_text""]",Public evidence may be incomplete; absence of evidence is unknown.,unknown,unverified,Temporary-only staffing and direct care employers fail.,Recruitment workflow software prospecting.,source_inspired,"[""R07""]","[""https://help.clutch.co/en/knowledge/how-do-potential-clients-find-company-profile""]",,AND,public_web,2.0.0,semantic
CSB-022,22,Find US-headquartered companies that provide commercial kitchen exhaust hood cleaning services.,Semantic niche,L2,Professional and business services,United States,HQ,unconstrained,services,"[""headquarters"", ""service_offering""]",[],[],current,"Service is cleaning commercial kitchen exhaust systems, with US HQ.","[{""id"": ""requirements"", ""description"": ""Find US-headquartered companies that provide commercial kitchen exhaust hood cleaning services. Acceptance interpretation: Service is cleaning commercial kitchen exhaust systems, with US HQ."", ""evidence_types"": [""public_text""]}]","{""op"": ""condition"", ""condition_id"": ""requirements"", ""children"": []}",One independently operating company; do not merge distinct subsidiaries solely because they share a parent.,Service page and business address.,"[""public_text""]",Public evidence may be incomplete; absence of evidence is unknown.,unknown,unverified,Residential kitchen cleaners and equipment manufacturers fail.,Field-service and route-planning sales.,source_inspired,"[""R07""]","[""https://help.clutch.co/en/knowledge/how-do-potential-clients-find-company-profile""]",,AND,public_web,2.0.0,semantic
CSB-023,23,Find companies headquartered in Poland that manufacture private-label cosmetics for other brands.,Semantic niche,L2,Retail and consumer goods,Poland,HQ,unconstrained,contract manufacturer,"[""headquarters"", ""manufacturing"", ""private_label""]",[],[],current,Company offers cosmetic manufacturing for third-party brands and has Polish HQ.,"[{""id"": ""requirements"", ""description"": ""Find companies headquartered in Poland that manufacture private-label cosmetics for other brands. Acceptance interpretation: Company offers cosmetic manufacturing for third-party brands and has Polish HQ."", ""evidence_types"": [""public_text""]}]","{""op"": ""condition"", ""condition_id"": ""requirements"", ""children"": []}",One independently operating company; do not merge distinct subsidiaries solely because they share a parent.,Private-label capabilities and factory or company pages.,"[""public_text""]",Public evidence may be incomplete; absence of evidence is unknown.,unknown,unverified,Own-brand retail alone does not establish contract manufacturing.,Packaging and formulation supplier prospecting.,original,[],[],,AND,public_web,2.0.0,semantic
CSB-024,24,"Find SaaS companies whose product hosts publicly accessible pages created by business customers, such as forms, course pages or digital business cards.",Semantic niche,L2,Software,Global,global,unconstrained,B2B SaaS,"[""business_model"", ""product_capability"", ""customer_vertical""]",[],[],current,Software hosts customer-created public pages; demonstrate with product documentation or an accessible example.,"[{""id"": ""requirements"", ""description"": ""Find SaaS companies whose product hosts publicly accessible pages created by business customers, such as forms, course pages or digital business cards. Acceptance interpretation: Software hosts customer-created public pages; demonstrate with product documentation or an accessible example."", ""evidence_types"": [""public_text""]}]","{""op"": ""condition"", ""condition_id"": ""requirements"", ""children"": []}",One independently operating company; do not merge distinct subsidiaries solely because they share a parent.,Documentation and a public customer-page example.,"[""public_text""]",Public evidence may be incomplete; absence of evidence is unknown.,unknown,unverified,A vendor’s own marketing landing page does not qualify.,Embedded analytics and customer-page infrastructure sales.,source_inspired,"[""R04""]","[""https://www.reddit.com/r/SaaS/comments/1reedwr/what_worked_for_you_to_find_your_b2b_leads/""]",,SEMANTIC,public_web,2.0.0,semantic
CSB-025,25,Find companies headquartered in India offering outsourced medical billing services to US healthcare practices.,Geography disambiguation,L3,Professional and business services,India HQ; United States customers,mixed,unconstrained,outsourcing services,"[""headquarters"", ""customer_geography"", ""service_offering""]",[],[],current,India HQ plus explicit medical billing service for US practices.,"[{""id"": ""requirements"", ""description"": ""Find companies headquartered in India offering outsourced medical billing services to US healthcare practices. Acceptance interpretation: India HQ plus explicit medical billing service for US practices."", ""evidence_types"": [""public_text""]}]","{""op"": ""condition"", ""condition_id"": ""requirements"", ""children"": []}",One independently operating company; do not merge distinct subsidiaries solely because they share a parent.,Service geography and company headquarters pages.,"[""public_text""]",Public evidence may be incomplete; absence of evidence is unknown.,unknown,unverified,Serving Indian hospitals alone does not qualify.,BPO workflow and healthcare billing partnership sales.,source_inspired,"[""R07""]","[""https://help.clutch.co/en/knowledge/how-do-potential-clients-find-company-profile""]",,AND,public_web,2.0.0,firmographic
CSB-026,26,Find companies headquartered in the Netherlands that operate temperature-controlled warehouses for food products.,Semantic niche,L2,Transportation and logistics,Netherlands,HQ,unconstrained,warehouse operator,"[""headquarters"", ""operational_capability"", ""customer_vertical""]",[],[],current,Operator has Dutch HQ and runs food-grade temperature-controlled warehouses.,"[{""id"": ""requirements"", ""description"": ""Find companies headquartered in the Netherlands that operate temperature-controlled warehouses for food products. Acceptance interpretation: Operator has Dutch HQ and runs food-grade temperature-controlled warehouses."", ""evidence_types"": [""public_text""]}]","{""op"": ""condition"", ""condition_id"": ""requirements"", ""children"": []}",One independently operating company; do not merge distinct subsidiaries solely because they share a parent.,Facility and food logistics service pages.,"[""public_text""]",Public evidence may be incomplete; absence of evidence is unknown.,unknown,unverified,Refrigeration equipment suppliers do not qualify.,Warehouse monitoring and insurance prospecting.,original,[],[],,AND,public_web,2.0.0,semantic
CSB-027,27,Find companies headquartered in the United States that sell subscription deliveries of their own pet-food brands directly to consumers.,Product and business model,L2,Retail and consumer goods,United States,HQ,unconstrained,DTC subscription,"[""headquarters"", ""business_model"", ""product_category"", ""sales_channel""]",[],[],current,"US HQ, own pet-food brand and recurring direct subscription checkout documented.","[{""id"": ""requirements"", ""description"": ""Find companies headquartered in the United States that sell subscription deliveries of their own pet-food brands directly to consumers. Acceptance interpretation: US HQ, own pet-food brand and recurring direct subscription checkout documented."", ""evidence_types"": [""public_text""]}]","{""op"": ""condition"", ""condition_id"": ""requirements"", ""children"": []}",One independently operating company; do not merge distinct subsidiaries solely because they share a parent.,"Brand, subscription and company pages.","[""public_text""]",Public evidence may be incomplete; absence of evidence is unknown.,unknown,unverified,Pet-supply marketplaces or one-off boxes alone fail.,Subscription retention and fulfillment tools.,original,[],[],,AND,public_web,2.0.0,semantic
CSB-028,28,Find agencies headquartered in the United Kingdom with at least two published case studies describing paid-search campaigns for dental practices.,Customer evidence,L3,Marketing and advertising,United Kingdom,HQ,unconstrained,services,"[""headquarters"", ""service_offering"", ""customer_vertical"", ""case_study_count""]",[],[],current,Two distinct dental-practice case studies describe delivered paid-search work; confirm UK HQ.,"[{""id"": ""requirements"", ""description"": ""Find agencies headquartered in the United Kingdom with at least two published case studies describing paid-search campaigns for dental practices. Acceptance interpretation: Two distinct dental-practice case studies describe delivered paid-search work; confirm UK HQ."", ""evidence_types"": [""public_text""]}]","{""op"": ""condition"", ""condition_id"": ""requirements"", ""children"": []}",One independently operating company; do not merge distinct subsidiaries solely because they share a parent.,Two case-study URLs and HQ page.,"[""public_text""]",Public evidence may be incomplete; absence of evidence is unknown.,unknown,unverified,Generic industry landing pages are not completed client work.,Agency data and reporting partnership discovery.,source_inspired,"[""R07""]","[""https://help.clutch.co/en/knowledge/how-do-potential-clients-find-company-profile""]",,THRESHOLD,public_web,2.0.0,ecosystem
CSB-029,29,Find companies headquartered in Germany that sell refurbished industrial robots with a warranty.,Semantic niche,L2,Manufacturing,Germany,HQ,unconstrained,refurbisher and reseller,"[""headquarters"", ""product_category"", ""service_offering""]",[],[],current,German HQ and offering explicitly includes refurbished industrial robots and warranty.,"[{""id"": ""requirements"", ""description"": ""Find companies headquartered in Germany that sell refurbished industrial robots with a warranty. Acceptance interpretation: German HQ and offering explicitly includes refurbished industrial robots and warranty."", ""evidence_types"": [""public_text""]}]","{""op"": ""condition"", ""condition_id"": ""requirements"", ""children"": []}",One independently operating company; do not merge distinct subsidiaries solely because they share a parent.,Robot listings and warranty terms.,"[""public_text""]",Public evidence may be incomplete; absence of evidence is unknown.,unknown,unverified,New robot manufacturers or marketplaces without their own warranty fail.,Industrial finance and logistics prospecting.,original,[],[],,AND,public_web,2.0.0,semantic
CSB-030,30,Find companies headquartered in Australia that rent construction equipment to businesses.,Product and business model,L1,Manufacturing,Australia,HQ,unconstrained,equipment rental,"[""headquarters"", ""business_model"", ""customer_vertical""]",[],"[""simple""]",current,Construction equipment rental is a business offering and HQ is Australia.,"[{""id"": ""requirements"", ""description"": ""Find companies headquartered in Australia that rent construction equipment to businesses. Acceptance interpretation: Construction equipment rental is a business offering and HQ is Australia."", ""evidence_types"": [""public_text""]}]","{""op"": ""condition"", ""condition_id"": ""requirements"", ""children"": []}",One independently operating company; do not merge distinct subsidiaries solely because they share a parent.,Rental catalogue and company details.,"[""public_text""]",Public evidence may be incomplete; absence of evidence is unknown.,unknown,unverified,Equipment sales without rentals fail.,Rental-management software and maintenance services.,original,[],[],,AND,public_web,2.0.0,semantic
CSB-031,31,Find companies headquartered in Canada that provide cybersecurity consulting rather than selling a proprietary software product as their primary business.,Semantic exclusion,L3,IT services,Canada,HQ,unconstrained,consulting,"[""headquarters"", ""service_offering"", ""business_model"", ""exclusion""]",[],[],current,Canadian HQ; positive evidence describes consulting as the main business. Product-led vendors are excluded; mixed unclear cases remain unknown.,"[{""id"": ""requirements"", ""description"": ""Find companies headquartered in Canada that provide cybersecurity consulting rather than selling a proprietary software product as their primary business. Acceptance interpretation: Canadian HQ; positive evidence describes consulting as the main business. Product-led vendors are excluded; mixed unclear cases remain unknown."", ""evidence_types"": [""public_text""]}]","{""op"": ""condition"", ""condition_id"": ""requirements"", ""children"": []}",One independently operating company; do not merge distinct subsidiaries solely because they share a parent.,Company business description and service catalogue.,"[""public_text""]",Public evidence may be incomplete; absence of evidence is unknown.,unknown,unverified,Absence of a pricing page does not prove services-led business.,Consultancy partner and professional indemnity prospecting.,source_inspired,"[""R02"", ""R05""]","[""https://knowledge.apollo.io/hc/en-us/articles/4412665755661-Use-Search-Filters-to-Find-Prospects"", ""https://www.reddit.com/r/b2bmarketing/comments/1ohr37p/how_do_you_filter_your_lead_lists/""]",,AND_NOT,public_web,2.0.0,semantic
CSB-032,32,Find companies headquartered in the United States that manufacture and sell reusable shipping containers to businesses.,Semantic niche,L2,Manufacturing,United States,HQ,unconstrained,manufacturer,"[""headquarters"", ""manufacturing"", ""product_category"", ""business_model""]",[],[],current,Reusable transport container manufacturing and B2B sales explicitly offered; US HQ.,"[{""id"": ""requirements"", ""description"": ""Find companies headquartered in the United States that manufacture and sell reusable shipping containers to businesses. Acceptance interpretation: Reusable transport container manufacturing and B2B sales explicitly offered; US HQ."", ""evidence_types"": [""public_text""]}]","{""op"": ""condition"", ""condition_id"": ""requirements"", ""children"": []}",One independently operating company; do not merge distinct subsidiaries solely because they share a parent.,Product and manufacturing pages.,"[""public_text""]",Public evidence may be incomplete; absence of evidence is unknown.,unknown,unverified,Single-use packaging or ocean-container brokerage alone fail.,Industrial materials and reverse-logistics prospecting.,original,[],[],,AND,public_web,2.0.0,semantic
CSB-033,33,Find companies headquartered in Brazil offering corporate language training in English.,Semantic niche,L2,Education and training,Brazil,HQ,unconstrained,training services,"[""headquarters"", ""service_offering"", ""customer_vertical"", ""language""]",[],[],current,Brazil HQ and English language instruction for employer-sponsored corporate learners.,"[{""id"": ""requirements"", ""description"": ""Find companies headquartered in Brazil offering corporate language training in English. Acceptance interpretation: Brazil HQ and English language instruction for employer-sponsored corporate learners."", ""evidence_types"": [""public_text""]}]","{""op"": ""condition"", ""condition_id"": ""requirements"", ""children"": []}",One independently operating company; do not merge distinct subsidiaries solely because they share a parent.,Corporate training programme and address.,"[""public_text""]",Public evidence may be incomplete; absence of evidence is unknown.,unknown,unverified,A website written in English is not English-language training.,Learning-platform partnership sales.,original,[],[],,AND,public_web,2.0.0,semantic
CSB-034,34,Find companies headquartered in the United States or Canada that sell software for managing self-storage facilities.,Semantic niche,L2,Software,United States; Canada,HQ,unconstrained,software,"[""headquarters"", ""product_capability"", ""customer_vertical""]",[],[],current,HQ in either country and software explicitly supports self-storage facility operations.,"[{""id"": ""requirements"", ""description"": ""Find companies headquartered in the United States or Canada that sell software for managing self-storage facilities. Acceptance interpretation: HQ in either country and software explicitly supports self-storage facility operations."", ""evidence_types"": [""public_text""]}]","{""op"": ""condition"", ""condition_id"": ""requirements"", ""children"": []}",One independently operating company; do not merge distinct subsidiaries solely because they share a parent.,Product and HQ pages.,"[""public_text""]",Public evidence may be incomplete; absence of evidence is unknown.,unknown,unverified,Cloud data storage products are a lexical false positive.,Vertical-software embedded payments prospecting.,source_inspired,"[""R02""]","[""https://knowledge.apollo.io/hc/en-us/articles/4412665755661-Use-Search-Filters-to-Find-Prospects""]",,OR,public_web,2.0.0,semantic
CSB-035,35,Find firms headquartered in Germany that design semiconductor chips but outsource chip fabrication.,Product and business model,L3,Manufacturing,Germany,HQ,unconstrained,fabless,"[""headquarters"", ""business_model"", ""product_category""]",[],[],current,Company explicitly operates a fabless semiconductor design model and has German HQ.,"[{""id"": ""requirements"", ""description"": ""Find firms headquartered in Germany that design semiconductor chips but outsource chip fabrication. Acceptance interpretation: Company explicitly operates a fabless semiconductor design model and has German HQ."", ""evidence_types"": [""public_text""]}]","{""op"": ""condition"", ""condition_id"": ""requirements"", ""children"": []}",One independently operating company; do not merge distinct subsidiaries solely because they share a parent.,Corporate business-model statement and product catalogue.,"[""public_text""]",Public evidence may be incomplete; absence of evidence is unknown.,unknown,unverified,Generic electronics design firms and foundries do not qualify.,Chip-design tooling and manufacturing partner sales.,original,[],[],,AND,public_web,2.0.0,semantic
CSB-036,36,Find companies headquartered in the United States that develop software for municipal water utilities.,Semantic niche,L2,Software,United States,HQ,unconstrained,software,"[""headquarters"", ""customer_vertical"", ""product_capability""]",[],[],current,Software product explicitly targets municipal water-utility operations or billing; US HQ.,"[{""id"": ""requirements"", ""description"": ""Find companies headquartered in the United States that develop software for municipal water utilities. Acceptance interpretation: Software product explicitly targets municipal water-utility operations or billing; US HQ."", ""evidence_types"": [""public_text""]}]","{""op"": ""condition"", ""condition_id"": ""requirements"", ""children"": []}",One independently operating company; do not merge distinct subsidiaries solely because they share a parent.,Product vertical pages and customer examples.,"[""public_text""]",Public evidence may be incomplete; absence of evidence is unknown.,unknown,unverified,Water-treatment engineering without a software offering fails.,Vertical SaaS infrastructure and channel discovery.,original,[],[],,AND,public_web,2.0.0,semantic
CSB-037,37,Find law firms headquartered in the United Kingdom that advertise commercial aviation leasing expertise.,Semantic niche,L2,Professional and business services,United Kingdom,HQ,unconstrained,services,"[""headquarters"", ""service_offering"", ""customer_vertical""]",[],[],current,UK HQ and legal practice page explicitly covers aircraft leasing for commercial clients.,"[{""id"": ""requirements"", ""description"": ""Find law firms headquartered in the United Kingdom that advertise commercial aviation leasing expertise. Acceptance interpretation: UK HQ and legal practice page explicitly covers aircraft leasing for commercial clients."", ""evidence_types"": [""public_text""]}]","{""op"": ""condition"", ""condition_id"": ""requirements"", ""children"": []}",One independently operating company; do not merge distinct subsidiaries solely because they share a parent.,Aviation finance or leasing practice page.,"[""public_text""]",Public evidence may be incomplete; absence of evidence is unknown.,unknown,unverified,Personal travel claims work does not qualify.,Legal data and document workflow prospecting.,source_inspired,"[""R07""]","[""https://help.clutch.co/en/knowledge/how-do-potential-clients-find-company-profile""]",,AND,public_web,2.0.0,semantic
CSB-038,38,Find companies headquartered in the United States that provide outsourced revenue-cycle management and also sell their own software for that service.,Product and business model,L3,Software,United States,HQ,unconstrained,hybrid software and services,"[""headquarters"", ""business_model"", ""service_offering"", ""product_capability""]",[],[],current,Same operating company offers both outsourced RCM services and proprietary RCM software; US HQ.,"[{""id"": ""requirements"", ""description"": ""Find companies headquartered in the United States that provide outsourced revenue-cycle management and also sell their own software for that service. Acceptance interpretation: Same operating company offers both outsourced RCM services and proprietary RCM software; US HQ."", ""evidence_types"": [""public_text""]}]","{""op"": ""condition"", ""condition_id"": ""requirements"", ""children"": []}",One independently operating company; do not merge distinct subsidiaries solely because they share a parent.,Service and product pages tied to the same company.,"[""public_text""]",Public evidence may be incomplete; absence of evidence is unknown.,unknown,unverified,A service provider using third-party software alone fails.,Healthcare platform integrations and infrastructure sales.,original,[],[],,JOIN,public_web,2.0.0,semantic
CSB-039,39,Find companies headquartered in France that manufacture packaging for pharmaceutical products and explicitly offer tamper-evident features.,Semantic niche,L2,Manufacturing,France,HQ,unconstrained,manufacturer,"[""headquarters"", ""customer_vertical"", ""product_capability""]",[],[],current,"French HQ, pharmaceutical packaging manufacture and named tamper-evident capability.","[{""id"": ""requirements"", ""description"": ""Find companies headquartered in France that manufacture packaging for pharmaceutical products and explicitly offer tamper-evident features. Acceptance interpretation: French HQ, pharmaceutical packaging manufacture and named tamper-evident capability."", ""evidence_types"": [""public_text""]}]","{""op"": ""condition"", ""condition_id"": ""requirements"", ""children"": []}",One independently operating company; do not merge distinct subsidiaries solely because they share a parent.,Manufacturing and product specification pages.,"[""public_text""]",Public evidence may be incomplete; absence of evidence is unknown.,unknown,unverified,A general packaging catalogue without pharmaceutical application fails.,Packaging materials and inspection equipment prospecting.,original,[],[],,AND,public_web,2.0.0,semantic
CSB-040,40,Find companies headquartered in the United States that operate at least two public coworking locations under the same brand.,Operating footprint,L3,Construction and real estate,United States,HQ,2+ locations,coworking operator,"[""headquarters"", ""location_count"", ""business_model""]",[],[],current,Two currently operating coworking addresses and US operator HQ; return operator once.,"[{""id"": ""requirements"", ""description"": ""Find companies headquartered in the United States that operate at least two public coworking locations under the same brand. Acceptance interpretation: Two currently operating coworking addresses and US operator HQ; return operator once."", ""evidence_types"": [""public_text""]}]","{""op"": ""condition"", ""condition_id"": ""requirements"", ""children"": []}",One independently operating company; do not merge distinct subsidiaries solely because they share a parent.,Locations directory and operator corporate page.,"[""public_text""]",Public evidence may be incomplete; absence of evidence is unknown.,unknown,unverified,Virtual-office mail addresses alone do not count.,"Access-control, connectivity and property software sales.",source_inspired,"[""R02""]","[""https://knowledge.apollo.io/hc/en-us/articles/4412665755661-Use-Search-Filters-to-Find-Prospects""]",,THRESHOLD,public_web,2.0.0,firmographic
CSB-041,41,Find active Y Combinator companies from the Winter 2024 batch that sell B2B software.,Directory membership,L2,Software,Global,global,unconstrained,B2B software,"[""accelerator"", ""batch"", ""operating_status"", ""business_model""]",[],[],current,YC directory confirms W24 and active status; current product serves businesses.,"[{""id"": ""requirements"", ""description"": ""Find active Y Combinator companies from the Winter 2024 batch that sell B2B software. Acceptance interpretation: YC directory confirms W24 and active status; current product serves businesses."", ""evidence_types"": [""public_text""]}]","{""op"": ""condition"", ""condition_id"": ""requirements"", ""children"": []}",One independently operating company; do not merge distinct subsidiaries solely because they share a parent.,YC company profile and company product website.,"[""public_text""]",Public evidence may be incomplete; absence of evidence is unknown.,unknown,unverified,Batch membership is fixed but operating status may change.,Accelerator portfolio prospecting.,source_inspired,"[""R06""]","[""https://www.ycombinator.com/blog/the-yc-directory""]",,AND,public_web,2.0.0,ecosystem
CSB-042,42,Find companies listed in Clutch’s web-development category with headquarters in Poland and at least 10 published Clutch reviews.,Directory membership,L3,IT services,Poland,HQ,unconstrained,services,"[""directory_membership"", ""service_offering"", ""headquarters"", ""review_count""]",[],[],current,"Clutch category and displayed review count >=10, plus Polish HQ independently supported.","[{""id"": ""requirements"", ""description"": ""Find companies listed in Clutch’s web-development category with headquarters in Poland and at least 10 published Clutch reviews. Acceptance interpretation: Clutch category and displayed review count >=10, plus Polish HQ independently supported."", ""evidence_types"": [""public_text""]}]","{""op"": ""condition"", ""condition_id"": ""requirements"", ""children"": []}",One independently operating company; do not merge distinct subsidiaries solely because they share a parent.,Clutch profile snapshot and company contact page.,"[""public_text""]",Public evidence may be incomplete; absence of evidence is unknown.,unknown,unverified,A serviced location in a directory is not the company HQ.,Development-agency tooling and subcontracting sales.,source_inspired,"[""R07""]","[""https://help.clutch.co/en/knowledge/how-do-potential-clients-find-company-profile""]",,THRESHOLD,public_web,2.0.0,ecosystem
CSB-043,43,"Find US-headquartered companies whose primary reported industry code is 2022 NAICS 541511, Custom Computer Programming Services.",Industry classification,L3,IT services,United States,HQ,unconstrained,services,"[""headquarters"", ""naics"", ""primary_industry""]",[],[],current,Company-level source reports primary 2022 NAICS 541511 and US HQ; secondary codes alone fail.,"[{""id"": ""requirements"", ""description"": ""Find US-headquartered companies whose primary reported industry code is 2022 NAICS 541511, Custom Computer Programming Services. Acceptance interpretation: Company-level source reports primary 2022 NAICS 541511 and US HQ; secondary codes alone fail."", ""evidence_types"": [""public_text""]}]","{""op"": ""condition"", ""condition_id"": ""requirements"", ""children"": []}",One independently operating company; do not merge distinct subsidiaries solely because they share a parent.,Company or business-register record with primary code and code edition.,"[""public_text""]",Public evidence may be incomplete; absence of evidence is unknown.,unknown,unverified,An establishment code may not describe its diversified parent.,Code-defined territory sizing.,source_inspired,"[""R02"", ""R08"", ""R12""]","[""https://knowledge.apollo.io/hc/en-us/articles/4412665755661-Use-Search-Filters-to-Find-Prospects"", ""https://www.census.gov/naics/"", ""https://data.census.gov/profile/541511_-_Custom_computer_programming_services?n=541511""]",,AND,public_web,2.0.0,firmographic
CSB-044,44,Find UK-headquartered companies that publicly describe themselves as bootstrapped software businesses with 11–100 employees.,Ownership,L3,Software,United Kingdom,HQ,11–100 employees,software,"[""headquarters"", ""funding_model"", ""employee_count""]",[],[],current,"Recent company or founder statement explicitly says bootstrapped, with UK HQ and headcount evidence.","[{""id"": ""requirements"", ""description"": ""Find UK-headquartered companies that publicly describe themselves as bootstrapped software businesses with 11–100 employees. Acceptance interpretation: Recent company or founder statement explicitly says bootstrapped, with UK HQ and headcount evidence."", ""evidence_types"": [""public_text""]}]","{""op"": ""condition"", ""condition_id"": ""requirements"", ""children"": []}",One independently operating company; do not merge distinct subsidiaries solely because they share a parent.,Dated bootstrap statement and company profile.,"[""public_text""]",Public evidence may be incomplete; absence of evidence is unknown.,unknown,unverified,No funding record does not prove bootstrapped status.,Capital-efficient SaaS prospecting.,original,"[""R05""]","[""https://www.reddit.com/r/b2bmarketing/comments/1ohr37p/how_do_you_filter_your_lead_lists/""]",,AND,public_web,2.0.0,firmographic
CSB-045,45,"Find companies headquartered in the United States with at least one named paying customer in each of healthcare, banking and manufacturing.",Customer evidence,L4,Cross-industry,United States,HQ,unconstrained,B2B,"[""headquarters"", ""customer_vertical"", ""customer_relationship"", ""cross_industry""]",[],[],current,"Three distinct named customers, one in healthcare, one in banking and one in manufacturing, have explicitly documented paid or commercial engagements with the US-headquartered candidate. Logos, partnerships and free trials alone fail.","[{""id"": ""requirements"", ""description"": ""Find companies headquartered in the United States with at least one named paying customer in each of healthcare, banking and manufacturing. Acceptance interpretation: Three distinct named customers, one in healthcare, one in banking and one in manufacturing, have explicitly documented paid or commercial engagements with the US-headquartered candidate. Logos, partnerships and free trials alone fail."", ""evidence_types"": [""public_text""]}]","{""op"": ""condition"", ""condition_id"": ""requirements"", ""children"": []}",One independently operating company; do not merge distinct subsidiaries solely because they share a parent.,Customer case studies showing paid/commercial customer relationships.,"[""public_text""]",Public evidence may be incomplete; absence of evidence is unknown.,unknown,unverified,"Logos may refer to partners, trials or subsidiaries of one customer.",Cross-sector platform partnership discovery.,original,[],[],,JOIN,public_web,2.0.0,ecosystem
CSB-046,46,Find companies headquartered in Sweden whose latest annual report publicly available by the run date is in English and reports at least 30% of annual revenue from outside Sweden.,Financial profile,L3,Cross-industry,Sweden,HQ,unconstrained,unconstrained,"[""headquarters"", ""report_language"", ""international_revenue""]",[],"[""time_sensitive""]",latest_completed_fiscal_year,Latest available annual report is in English and geographic revenue disclosure establishes >=30% outside Sweden.,"[{""id"": ""requirements"", ""description"": ""Find companies headquartered in Sweden whose latest annual report publicly available by the run date is in English and reports at least 30% of annual revenue from outside Sweden. Acceptance interpretation: Latest available annual report is in English and geographic revenue disclosure establishes >=30% outside Sweden."", ""evidence_types"": [""public_text""]}]","{""op"": ""condition"", ""condition_id"": ""requirements"", ""children"": []}",One independently operating company; do not merge distinct subsidiaries solely because they share a parent.,"Annual report, fiscal year and revenue calculation.","[""public_text""]",Public evidence may be incomplete; absence of evidence is unknown.,unknown,unverified,Offices abroad do not establish revenue share.,Cross-border payments and localization prospecting.,original,[],[],,AND,public_web,2.0.0,firmographic
CSB-047,47,Find companies headquartered in the United States whose latest annual report identifies a single customer accounting for at least 20% of total revenue.,Financial profile,L3,Cross-industry,United States,HQ,unconstrained,unconstrained,"[""headquarters"", ""customer_concentration"", ""revenue""]",[],"[""time_sensitive""]",latest_completed_fiscal_year,Latest annual report explicitly discloses one customer >=20% of annual revenue; US HQ.,"[{""id"": ""requirements"", ""description"": ""Find companies headquartered in the United States whose latest annual report identifies a single customer accounting for at least 20% of total revenue. Acceptance interpretation: Latest annual report explicitly discloses one customer >=20% of annual revenue; US HQ."", ""evidence_types"": [""public_text""]}]","{""op"": ""condition"", ""condition_id"": ""requirements"", ""children"": []}",One independently operating company; do not merge distinct subsidiaries solely because they share a parent.,Concentration footnote with fiscal year and percentage.,"[""public_text""]",Public evidence may be incomplete; absence of evidence is unknown.,unknown,unverified,A group of customers totalling 20% does not meet the single-customer condition.,Revenue-risk analytics and trade-credit services.,original,[],[],,AND,public_web,2.0.0,firmographic
CSB-048,48,Find companies affirmatively identified as current investments in Accel’s official portfolio that sell software to financial institutions.,Ownership,L3,Software,Global,global,unconstrained,B2B software,"[""investor"", ""portfolio_membership"", ""customer_vertical""]",[],"[""time_sensitive""]",current,"Official Accel material must affirm current investment status, and current company material must show software for financial institutions. An unmarked historical portfolio listing alone is unknown.","[{""id"": ""requirements"", ""description"": ""Find companies affirmatively identified as current investments in Accel’s official portfolio that sell software to financial institutions. Acceptance interpretation: Official Accel material must affirm current investment status, and current company material must show software for financial institutions. An unmarked historical portfolio listing alone is unknown."", ""evidence_types"": [""public_text""]}]","{""op"": ""condition"", ""condition_id"": ""requirements"", ""children"": []}",One independently operating company; do not merge distinct subsidiaries solely because they share a parent.,Investor portfolio and product pages.,"[""public_text""]",Public evidence may be incomplete; absence of evidence is unknown.,unknown,unverified,Founder employment at a portfolio company is not investment evidence.,Investor-portfolio ecosystem and fintech infrastructure sales.,original,[],[],,AND,public_web,2.0.0,firmographic
CSB-049,49,Find companies headquartered in the United States with public case studies documenting services delivered to both Walmart and Target.,Customer evidence,L4,Cross-industry,United States,HQ,unconstrained,B2B services,"[""headquarters"", ""named_customer"", ""customer_relationship""]",[],[],current,"Distinct cases explicitly document delivered services for Walmart and Target, not just marketplace selling.","[{""id"": ""requirements"", ""description"": ""Find companies headquartered in the United States with public case studies documenting services delivered to both Walmart and Target. Acceptance interpretation: Distinct cases explicitly document delivered services for Walmart and Target, not just marketplace selling."", ""evidence_types"": [""public_text""]}]","{""op"": ""condition"", ""condition_id"": ""requirements"", ""children"": []}",One independently operating company; do not merge distinct subsidiaries solely because they share a parent.,Two named-customer case studies and US HQ evidence.,"[""public_text""]",Public evidence may be incomplete; absence of evidence is unknown.,unknown,unverified,Products stocked by a retailer do not establish a services engagement.,Retail ecosystem partnership prospecting.,original,[],[],,JOIN,public_web,2.0.0,ecosystem
CSB-050,50,Find companies headquartered in the United Kingdom that publicly state their founders currently own more than 50% of the equity and report positive net income in each of the latest three fiscal years for which annual accounts are publicly available by the run date.,Ownership,L4,Cross-industry,United Kingdom,HQ,unconstrained,unconstrained,"[""headquarters"", ""ownership"", ""profitability"", ""financial_history""]",[],"[""time_sensitive""]",latest_three_completed_fiscal_years,"Require current majority founder ownership and positive net income in each of the latest three reported fiscal years; confirm UK operational HQ. EBITDA, operating profit alone and earlier three-year streaks do not qualify.","[{""id"": ""requirements"", ""description"": ""Find companies headquartered in the United Kingdom that publicly state their founders currently own more than 50% of the equity and report positive net income in each of the latest three fiscal years for which annual accounts are publicly available by the run date. Acceptance interpretation: Require current majority founder ownership and positive net income in each of the latest three reported fiscal years; confirm UK operational HQ. EBITDA, operating profit alone and earlier three-year streaks do not qualify."", ""evidence_types"": [""public_text""]}]","{""op"": ""condition"", ""condition_id"": ""requirements"", ""children"": []}",One independently operating company; do not merge distinct subsidiaries solely because they share a parent.,Ownership statement plus accounts for three fiscal years.,"[""public_text""]",Public evidence may be incomplete; absence of evidence is unknown.,unknown,unverified,Positive EBITDA or one profitable quarter is insufficient.,Profitable owner-led business services prospecting.,original,[],[],,JOIN,public_web,2.0.0,firmographic
CSB-051,51,"Find companies headquartered outside the United States that currently operate a staffed office in Boston, Massachusetts.",Geography disambiguation,L3,Cross-industry,"Non-US HQ; Boston, United States office",mixed,unconstrained,unconstrained,"[""headquarters"", ""office_location"", ""exclusion""]",[],"[""time_sensitive""]",current,Non-US corporate HQ and a staffed operating office within Boston city limits.,"[{""id"": ""requirements"", ""description"": ""Find companies headquartered outside the United States that currently operate a staffed office in Boston, Massachusetts. Acceptance interpretation: Non-US corporate HQ and a staffed operating office within Boston city limits."", ""evidence_types"": [""public_text""]}]","{""op"": ""condition"", ""condition_id"": ""requirements"", ""children"": []}",One independently operating company; do not merge distinct subsidiaries solely because they share a parent.,Office locations and headquarters pages.,"[""public_text""]",Public evidence may be incomplete; absence of evidence is unknown.,unknown,unverified,Virtual addresses and Greater Boston suburbs fail the city requirement.,Local facilities and international expansion services.,source_inspired,"[""R01"", ""R07""]","[""https://business.linkedin.com/sell/sales-navigator/advanced-search-filters"", ""https://help.clutch.co/en/knowledge/how-do-potential-clients-find-company-profile""]",,AND_NOT,public_web,2.0.0,firmographic
CSB-052,52,"Find companies headquartered in London, United Kingdom, excluding companies whose only London address is explicitly described as a registered office.",Geography disambiguation,L3,Cross-industry,"London, United Kingdom",HQ,unconstrained,unconstrained,"[""headquarters"", ""address_type"", ""exclusion""]",[],[],current,"Positive evidence identifies operational HQ in London. Registered-office-only evidence is unknown, not a match.","[{""id"": ""requirements"", ""description"": ""Find companies headquartered in London, United Kingdom, excluding companies whose only London address is explicitly described as a registered office. Acceptance interpretation: Positive evidence identifies operational HQ in London. Registered-office-only evidence is unknown, not a match."", ""evidence_types"": [""public_text""]}]","{""op"": ""condition"", ""condition_id"": ""requirements"", ""children"": []}",One independently operating company; do not merge distinct subsidiaries solely because they share a parent.,Company HQ statement and office description.,"[""public_text""]",Public evidence may be incomplete; absence of evidence is unknown.,unknown,unverified,Legal registered address alone does not prove operational headquarters.,Accurate city territory definition.,source_inspired,"[""R05""]","[""https://www.reddit.com/r/b2bmarketing/comments/1ohr37p/how_do_you_filter_your_lead_lists/""]",,AND_NOT,public_web,2.0.0,firmographic
CSB-053,53,"Find companies headquartered in Georgia, the country, that offer software development services.",Geography disambiguation,L1,IT services,Georgia (country),HQ,unconstrained,services,"[""headquarters"", ""service_offering"", ""entity_disambiguation""]",[],"[""simple""]",current,Company HQ is in the country of Georgia and software development is a service.,"[{""id"": ""requirements"", ""description"": ""Find companies headquartered in Georgia, the country, that offer software development services. Acceptance interpretation: Company HQ is in the country of Georgia and software development is a service."", ""evidence_types"": [""public_text""]}]","{""op"": ""condition"", ""condition_id"": ""requirements"", ""children"": []}",One independently operating company; do not merge distinct subsidiaries solely because they share a parent.,Company address including country and services page.,"[""public_text""]",Public evidence may be incomplete; absence of evidence is unknown.,unknown,unverified,"Georgia, United States is a false positive.",Caucasus service-provider discovery.,source_inspired,"[""R05""]","[""https://www.reddit.com/r/b2bmarketing/comments/1ohr37p/how_do_you_filter_your_lead_lists/""]",,AND,public_web,2.0.0,firmographic
CSB-054,54,"Find companies headquartered in Cambridge, Massachusetts, United States, that develop biotechnology products.",Geography disambiguation,L2,Healthcare and life sciences,"Cambridge, Massachusetts, United States",HQ,unconstrained,product developer,"[""headquarters"", ""industry"", ""entity_disambiguation""]",[],[],current,"HQ within Cambridge MA, plus biotechnology product development.","[{""id"": ""requirements"", ""description"": ""Find companies headquartered in Cambridge, Massachusetts, United States, that develop biotechnology products. Acceptance interpretation: HQ within Cambridge MA, plus biotechnology product development."", ""evidence_types"": [""public_text""]}]","{""op"": ""condition"", ""condition_id"": ""requirements"", ""children"": []}",One independently operating company; do not merge distinct subsidiaries solely because they share a parent.,HQ address and development pipeline.,"[""public_text""]",Public evidence may be incomplete; absence of evidence is unknown.,unknown,unverified,Cambridge UK and neighboring Boston are out of scope.,Biotech tooling territory discovery.,source_inspired,"[""R01""]","[""https://business.linkedin.com/sell/sales-navigator/advanced-search-filters""]",,AND,public_web,2.0.0,firmographic
CSB-055,55,"Find companies headquartered in the United States whose business is recruiting insurance agents, excluding insurance carriers and brokerages that recruit only for themselves.",Semantic exclusion,L3,Professional and business services,United States,HQ,unconstrained,recruitment services,"[""headquarters"", ""customer_vertical"", ""service_offering"", ""exclusion""]",[],[],current,"Offers insurance-agent recruiting to external clients, with US HQ.","[{""id"": ""requirements"", ""description"": ""Find companies headquartered in the United States whose business is recruiting insurance agents, excluding insurance carriers and brokerages that recruit only for themselves. Acceptance interpretation: Offers insurance-agent recruiting to external clients, with US HQ."", ""evidence_types"": [""public_text""]}]","{""op"": ""condition"", ""condition_id"": ""requirements"", ""children"": []}",One independently operating company; do not merge distinct subsidiaries solely because they share a parent.,External recruiting service and client evidence.,"[""public_text""]",Public evidence may be incomplete; absence of evidence is unknown.,unknown,unverified,Internal insurance-agent hiring is not a recruitment business.,Recruiting platform and external staffing prospecting.,source_inspired,"[""R05""]","[""https://www.reddit.com/r/b2bmarketing/comments/1ohr37p/how_do_you_filter_your_lead_lists/""]",,AND_NOT,public_web,2.0.0,semantic
CSB-056,56,"Find companies headquartered in Germany that use the term “Mittelstand” to describe their own business, rather than only describing their customers.",Semantic exclusion,L2,Cross-industry,Germany,HQ,unconstrained,unconstrained,"[""headquarters"", ""self_description"", ""language"", ""exclusion""]",[],[],current,German HQ and unambiguous self-description as Mittelstand; no claim about legal size classification.,"[{""id"": ""requirements"", ""description"": ""Find companies headquartered in Germany that use the term “Mittelstand” to describe their own business, rather than only describing their customers. Acceptance interpretation: German HQ and unambiguous self-description as Mittelstand; no claim about legal size classification."", ""evidence_types"": [""public_text""]}]","{""op"": ""condition"", ""condition_id"": ""requirements"", ""children"": []}",One independently operating company; do not merge distinct subsidiaries solely because they share a parent.,Company about page with sentence and context.,"[""public_text""]",Public evidence may be incomplete; absence of evidence is unknown.,unknown,unverified,Selling to the Mittelstand is a different relationship.,Locally framed midmarket account discovery.,source_inspired,"[""R05""]","[""https://www.reddit.com/r/b2bmarketing/comments/1ohr37p/how_do_you_filter_your_lead_lists/""]",,AND_NOT,public_web,2.0.0,semantic
CSB-057,57,Find manufacturers headquartered in Italy whose own websites offer both Italian and German versions of their product catalogue.,Language and localization,L2,Manufacturing,Italy,HQ,unconstrained,manufacturer,"[""headquarters"", ""website_language"", ""manufacturing""]",[],[],current,Italian HQ and accessible Italian and German catalogue content for the same manufacturer.,"[{""id"": ""requirements"", ""description"": ""Find manufacturers headquartered in Italy whose own websites offer both Italian and German versions of their product catalogue. Acceptance interpretation: Italian HQ and accessible Italian and German catalogue content for the same manufacturer."", ""evidence_types"": [""public_text""]}]","{""op"": ""condition"", ""condition_id"": ""requirements"", ""children"": []}",One independently operating company; do not merge distinct subsidiaries solely because they share a parent.,Both language-version URLs and corporate page.,"[""public_text""]",Public evidence may be incomplete; absence of evidence is unknown.,unknown,unverified,Browser machine translation does not qualify as published content.,Cross-border industrial marketing services.,original,[],[],,AND,public_web,2.0.0,semantic
CSB-058,58,"Find corporate franchise operators that operate at least five McDonald’s restaurants in the United States; return the franchisee companies, not McDonald’s Corporation or individual restaurants.",Entity resolution,L4,Hospitality and leisure,United States restaurants,operations,5+ restaurants,franchise operator,"[""brand_relationship"", ""location_count"", ""entity_granularity""]",[],[],current,"Corporate franchisee entity explicitly operates at least five currently open US McDonald’s restaurants; return one account per operator, not franchisor or stores.","[{""id"": ""requirements"", ""description"": ""Find corporate franchise operators that operate at least five McDonald’s restaurants in the United States; return the franchisee companies, not McDonald’s Corporation or individual restaurants. Acceptance interpretation: Corporate franchisee entity explicitly operates at least five currently open US McDonald’s restaurants; return one account per operator, not franchisor or stores."", ""evidence_types"": [""public_text""]}]","{""op"": ""condition"", ""condition_id"": ""requirements"", ""children"": []}",One independently operating company; do not merge distinct subsidiaries solely because they share a parent.,Franchisee portfolio and legal company identity.,"[""public_text""]",Public evidence may be incomplete; absence of evidence is unknown.,unknown,unverified,Franchisor and store-level duplicates are not accounts.,Multi-unit franchise workforce and payroll tools.,original,[],[],,JOIN,public_web,2.0.0,ecosystem
CSB-059,59,"Find companies headquartered in the United States that manufacture physical data-center cooling equipment, excluding cloud hosting providers and software-only cooling optimization vendors.",Semantic exclusion,L2,Manufacturing,United States,HQ,unconstrained,manufacturer,"[""headquarters"", ""manufacturing"", ""product_category"", ""exclusion""]",[],[],current,US HQ and company manufactures physical data-center cooling equipment; excluded categories fail.,"[{""id"": ""requirements"", ""description"": ""Find companies headquartered in the United States that manufacture physical data-center cooling equipment, excluding cloud hosting providers and software-only cooling optimization vendors. Acceptance interpretation: US HQ and company manufactures physical data-center cooling equipment; excluded categories fail."", ""evidence_types"": [""public_text""]}]","{""op"": ""condition"", ""condition_id"": ""requirements"", ""children"": []}",One independently operating company; do not merge distinct subsidiaries solely because they share a parent.,Equipment specifications and manufacturing description.,"[""public_text""]",Public evidence may be incomplete; absence of evidence is unknown.,unknown,unverified,Describing a cooled data center does not establish equipment manufacture.,Industrial component and channel prospecting.,source_inspired,"[""R05""]","[""https://www.reddit.com/r/b2bmarketing/comments/1ohr37p/how_do_you_filter_your_lead_lists/""]",,AND_NOT,public_web,2.0.0,semantic
CSB-060,60,Find companies headquartered in Colombia that provide business-process outsourcing services in both Spanish and English to clients in the United States.,Language and localization,L3,Professional and business services,Colombia HQ; United States clients,mixed,unconstrained,outsourcing services,"[""headquarters"", ""service_language"", ""customer_geography"", ""service_offering""]",[],[],current,"Colombian HQ, explicit Spanish and English service delivery and affirmative evidence of actual US clients, such as a client case study or a company statement about serving current US clients. A US target-market page alone fails.","[{""id"": ""requirements"", ""description"": ""Find companies headquartered in Colombia that provide business-process outsourcing services in both Spanish and English to clients in the United States. Acceptance interpretation: Colombian HQ, explicit Spanish and English service delivery and affirmative evidence of actual US clients, such as a client case study or a company statement about serving current US clients. A US target-market page alone fails."", ""evidence_types"": [""public_text""]}]","{""op"": ""condition"", ""condition_id"": ""requirements"", ""children"": []}",One independently operating company; do not merge distinct subsidiaries solely because they share a parent.,BPO delivery pages and named client or market statement.,"[""public_text""]",Public evidence may be incomplete; absence of evidence is unknown.,unknown,unverified,Bilingual website text alone does not prove bilingual service.,Nearshore BPO workforce and quality tooling.,original,[],[],,AND,public_web,2.0.0,semantic
CSB-061,61,Find developer-tool companies headquartered in the United States that announced a seed equity round of at least USD 5 million in the last 90 days.,Funding,L3,Software,United States,HQ,unconstrained,B2B,"[""industry"", ""headquarters"", ""funding_stage"", ""funding_amount""]","[""funding""]","[""time_sensitive""]",last_90_days,"Require a seed equity round, not total capital raised to date; amount must be explicitly denominated in USD or converted with a dated rate. Return funded operating company.","[{""id"": ""requirements"", ""description"": ""Find developer-tool companies headquartered in the United States that announced a seed equity round of at least USD 5 million in the last 90 days. Acceptance interpretation: Require a seed equity round, not total capital raised to date; amount must be explicitly denominated in USD or converted with a dated rate. Return funded operating company."", ""evidence_types"": [""public_text""]}]","{""op"": ""condition"", ""condition_id"": ""requirements"", ""children"": []}",One independently operating company; do not merge distinct subsidiaries solely because they share a parent.,"Funding announcement date, round label and new capital amount; developer product and headquarters pages.","[""public_text""]",Public evidence may be incomplete; absence of evidence is unknown.,unknown,unverified,A headline may combine debt and equity or report cumulative funding.,Developer tooling and startup services prospecting,source_inspired,"[""A03""]","[""https://www.avina.io/signals-library/series-c-or-later-growth-equity-round""]",,AND,public_web,2.0.0,signals
CSB-062,62,Find privately held healthcare software companies headquartered in the United States or Canada that announced a Series C or later equity round of at least USD 50 million in the last 180 days and explicitly allocated proceeds to international expansion.,Funding,L4,Healthcare and life sciences,United States; Canada,HQ,unconstrained,B2B,"[""industry"", ""headquarters"", ""ownership"", ""funding_stage"", ""funding_amount"", ""use_of_proceeds""]","[""funding"", ""international_expansion""]","[""time_sensitive""]",last_180_days,All predicates must concern the same funded company; exclude bridge rounds without a qualifying named stage and plans to expand only domestically.,"[{""id"": ""requirements"", ""description"": ""Find privately held healthcare software companies headquartered in the United States or Canada that announced a Series C or later equity round of at least USD 50 million in the last 180 days and explicitly allocated proceeds to international expansion. Acceptance interpretation: All predicates must concern the same funded company; exclude bridge rounds without a qualifying named stage and plans to expand only domestically."", ""evidence_types"": [""public_text""]}]","{""op"": ""condition"", ""condition_id"": ""requirements"", ""children"": []}",One independently operating company; do not merge distinct subsidiaries solely because they share a parent.,"Round announcement, ownership status, headquarters and a specific international-expansion statement.","[""public_text""]",Public evidence may be incomplete; absence of evidence is unknown.,unknown,unverified,"Funding is context, not proof of a current vendor purchase.",International payroll and localization prospecting,source_inspired,"[""A03""]","[""https://www.avina.io/signals-library/series-c-or-later-growth-equity-round""]",,JOIN,public_web,2.0.0,signals
CSB-063,63,"Find companies headquartered in the United Kingdom that announced a new venture-debt facility of at least GBP 10 million in the last 180 days, excluding refinancing-only transactions.",Funding,L3,Cross-industry,United Kingdom,HQ,unconstrained,unconstrained,"[""headquarters"", ""funding_type"", ""funding_amount"", ""exclusion""]","[""debt_funding""]","[""time_sensitive""]",last_180_days,Qualify explicitly new available financing; exclude pure replacement facilities; unallocated mixed refinancing and new-money facilities remain unknown.,"[{""id"": ""requirements"", ""description"": ""Find companies headquartered in the United Kingdom that announced a new venture-debt facility of at least GBP 10 million in the last 180 days, excluding refinancing-only transactions. Acceptance interpretation: Qualify explicitly new available financing; exclude pure replacement facilities; unallocated mixed refinancing and new-money facilities remain unknown."", ""evidence_types"": [""public_text""]}]","{""op"": ""condition"", ""condition_id"": ""requirements"", ""children"": []}",One independently operating company; do not merge distinct subsidiaries solely because they share a parent.,Dated lender or borrower announcement with facility amount and new lending purpose.,"[""public_text""]",Public evidence may be incomplete; absence of evidence is unknown.,unknown,unverified,Facility ceiling is not the amount actually drawn.,Treasury and cash-flow software prospecting,original,[],[],,AND_NOT,public_web,2.0.0,signals
CSB-064,64,Find B2B software companies headquartered in the United States that closed a Series A round in the last 180 days and then advertised their explicitly stated first Head of Finance role within 60 days after that close.,Funding,L4,Software,United States,HQ,unconstrained,B2B SaaS,"[""headquarters"", ""business_model"", ""funding_stage"", ""first_function""]","[""funding"", ""hiring""]","[""time_sensitive""]",round last 180 days; job published 0–60 days after close,Close must precede the job; both dates must be on or before run_date; first must be explicit rather than inferred from missing employees.,"[{""id"": ""requirements"", ""description"": ""Find B2B software companies headquartered in the United States that closed a Series A round in the last 180 days and then advertised their explicitly stated first Head of Finance role within 60 days after that close. Acceptance interpretation: Close must precede the job; both dates must be on or before run_date; first must be explicit rather than inferred from missing employees."", ""evidence_types"": [""public_text""]}]","{""op"": ""condition"", ""condition_id"": ""requirements"", ""children"": []}",One independently operating company; do not merge distinct subsidiaries solely because they share a parent.,Actual financing close date and dated employer job listing saying first finance leader.,"[""public_text""]",Public evidence may be incomplete; absence of evidence is unknown.,unknown,unverified,Announcement date can lag the closing date.,Financial planning and accounting systems prospecting,source_inspired,"[""A03""]","[""https://www.avina.io/signals-library/series-c-or-later-growth-equity-round""]",,SEQUENCE,public_web,2.0.0,signals
CSB-065,65,Find logistics companies headquartered in Australia that announced at least AUD 20 million of growth capital in the last 365 days and explicitly said that part of the money would fund acquisitions.,Funding,L3,Transportation and logistics,Australia,HQ,unconstrained,unconstrained,"[""industry"", ""headquarters"", ""funding_amount"", ""use_of_proceeds""]","[""funding"", ""acquisition_strategy""]","[""time_sensitive""]",last_365_days,"Require explicit acquisition allocation, not a reporter predicting consolidation; return capital recipient rather than investor.","[{""id"": ""requirements"", ""description"": ""Find logistics companies headquartered in Australia that announced at least AUD 20 million of growth capital in the last 365 days and explicitly said that part of the money would fund acquisitions. Acceptance interpretation: Require explicit acquisition allocation, not a reporter predicting consolidation; return capital recipient rather than investor."", ""evidence_types"": [""public_text""]}]","{""op"": ""condition"", ""condition_id"": ""requirements"", ""children"": []}",One independently operating company; do not merge distinct subsidiaries solely because they share a parent.,Dated transaction release giving fresh investment amount and acquisition use of proceeds.,"[""public_text""]",Public evidence may be incomplete; absence of evidence is unknown.,unknown,unverified,A fund raising money to buy logistics assets is not itself a logistics operating company.,M&A integration and finance advisory prospecting,original,[],[],,AND,public_web,2.0.0,signals
CSB-066,66,Find consumer brands headquartered in India that announced their first institutional equity investment in the last 180 days and explicitly described the business as previously bootstrapped.,Funding,L3,Retail and consumer goods,India,HQ,unconstrained,B2C,"[""industry"", ""headquarters"", ""funding_history""]","[""first_institutional_funding""]","[""time_sensitive""]",last_180_days,Require affirmative statements for historical first status; lack of earlier database rounds is insufficient. Return brand owner once.,"[{""id"": ""requirements"", ""description"": ""Find consumer brands headquartered in India that announced their first institutional equity investment in the last 180 days and explicitly described the business as previously bootstrapped. Acceptance interpretation: Require affirmative statements for historical first status; lack of earlier database rounds is insufficient. Return brand owner once."", ""evidence_types"": [""public_text""]}]","{""op"": ""condition"", ""condition_id"": ""requirements"", ""children"": []}",One independently operating company; do not merge distinct subsidiaries solely because they share a parent.,Company or investor announcement explicitly confirming both first institutional investment and prior bootstrapping.,"[""public_text""]",Public evidence may be incomplete; absence of evidence is unknown.,unknown,unverified,Founder or angel funding is not necessarily institutional funding.,Finance operations and growth-agency prospecting,original,[],[],,AND,public_web,2.0.0,signals
CSB-067,67,Find B2B software companies headquartered in the United States with 51–500 employees that appointed a Chief Revenue Officer from outside the company in the last 90 days.,Leadership change,L3,Software,United States,HQ,51–500 employees,B2B,"[""industry"", ""headquarters"", ""employee_count"", ""executive_function""]","[""external_executive_appointment""]","[""time_sensitive""]",last_90_days,Require effective appointment within window and prior employment elsewhere; exclude internal promotions and open vacancies.,"[{""id"": ""requirements"", ""description"": ""Find B2B software companies headquartered in the United States with 51–500 employees that appointed a Chief Revenue Officer from outside the company in the last 90 days. Acceptance interpretation: Require effective appointment within window and prior employment elsewhere; exclude internal promotions and open vacancies."", ""evidence_types"": [""public_text""]}]","{""op"": ""condition"", ""condition_id"": ""requirements"", ""children"": []}",One independently operating company; do not merge distinct subsidiaries solely because they share a parent.,"Appointment effective date, prior employer, current employee estimate and headquarters.","[""public_text""]",Public evidence may be incomplete; absence of evidence is unknown.,unknown,unverified,A reposted biography can make an old appointment look new.,Revenue operations and sales enablement prospecting,source_inspired,"[""A12""]","[""https://www.reddit.com/r/sales/comments/1reb55s/is_intent_data_for_leads_still_working_for_you_or/""]",,AND,public_web,2.0.0,signals
CSB-068,68,"Find consumer-goods companies headquartered in the United States with 100–1,000 employees that appointed a Chief Marketing Officer in the last 90 days.",Leadership change,L3,Retail and consumer goods,United States,HQ,"100–1,000 employees",B2C,"[""industry"", ""headquarters"", ""employee_count"", ""executive_function""]","[""executive_appointment""]","[""time_sensitive""]",last_90_days,"CMO must have started by run_date; title must be executive marketing leadership, not an agency consultant.","[{""id"": ""requirements"", ""description"": ""Find consumer-goods companies headquartered in the United States with 100–1,000 employees that appointed a Chief Marketing Officer in the last 90 days. Acceptance interpretation: CMO must have started by run_date; title must be executive marketing leadership, not an agency consultant."", ""evidence_types"": [""public_text""]}]","{""op"": ""condition"", ""condition_id"": ""requirements"", ""children"": []}",One independently operating company; do not merge distinct subsidiaries solely because they share a parent.,Official appointment with effective date and current company headcount.,"[""public_text""]",Public evidence may be incomplete; absence of evidence is unknown.,unknown,unverified,An agency winning the account is not a new CMO hire.,Brand and marketing-agency prospecting,original,[],[],,AND,public_web,2.0.0,signals
CSB-069,69,Find privately held companies headquartered in the United Kingdom with at least 500 employees that appointed a CFO in the last 180 days whose official biography states that they previously served as CFO of a publicly listed company.,Leadership change,L4,Cross-industry,United Kingdom,HQ,500+ employees,unconstrained,"[""headquarters"", ""employee_count"", ""ownership"", ""executive_experience""]","[""executive_appointment""]","[""time_sensitive""]",last_180_days,Verify actual prior CFO service at a listed company; do not infer IPO plans at the new employer.,"[{""id"": ""requirements"", ""description"": ""Find privately held companies headquartered in the United Kingdom with at least 500 employees that appointed a CFO in the last 180 days whose official biography states that they previously served as CFO of a publicly listed company. Acceptance interpretation: Verify actual prior CFO service at a listed company; do not infer IPO plans at the new employer."", ""evidence_types"": [""public_text""]}]","{""op"": ""condition"", ""condition_id"": ""requirements"", ""children"": []}",One independently operating company; do not merge distinct subsidiaries solely because they share a parent.,"Appointment release, executive biography, former employer listing evidence and current company profile.","[""public_text""]",Public evidence may be incomplete; absence of evidence is unknown.,unknown,unverified,Public-company experience in a junior finance role fails the CFO requirement.,Enterprise finance transformation prospecting,original,[],[],,JOIN,public_web,2.0.0,signals
CSB-070,70,Find family-owned manufacturers headquartered in Germany that appointed their explicitly stated first non-family CEO in the last 365 days.,Leadership change,L3,Manufacturing,Germany,HQ,unconstrained,unconstrained,"[""industry"", ""headquarters"", ""ownership"", ""executive_function""]","[""succession""]","[""time_sensitive""]",last_365_days,Require continuing family ownership and explicit first non-family CEO; do not infer family relationships from surnames.,"[{""id"": ""requirements"", ""description"": ""Find family-owned manufacturers headquartered in Germany that appointed their explicitly stated first non-family CEO in the last 365 days. Acceptance interpretation: Require continuing family ownership and explicit first non-family CEO; do not infer family relationships from surnames."", ""evidence_types"": [""public_text""]}]","{""op"": ""condition"", ""condition_id"": ""requirements"", ""children"": []}",One independently operating company; do not merge distinct subsidiaries solely because they share a parent.,"Owner or company succession announcement, appointment date and explicit first external-family status.","[""public_text""]",Public evidence may be incomplete; absence of evidence is unknown.,unknown,unverified,A non-family managing director of a subsidiary may not lead the group.,Succession advisory and ERP transformation prospecting,original,[],[],,SEMANTIC,public_web,2.0.0,signals
CSB-071,71,Find healthcare provider groups headquartered in the United States that completed an acquisition in the last 180 days and subsequently appointed a new CIO in the last 90 days with a stated remit to integrate the acquired business.,Leadership change,L4,Healthcare and life sciences,United States,HQ,unconstrained,Healthcare services,"[""industry"", ""headquarters"", ""executive_function"", ""acquisition_status""]","[""acquisition_closed"", ""executive_appointment""]","[""time_sensitive""]",acquisition last 180 days; CIO appointment last 90 days after close,Acquisition must have closed before the CIO starts; hiring announcement must explicitly connect remit to integration; return acquiring group once.,"[{""id"": ""requirements"", ""description"": ""Find healthcare provider groups headquartered in the United States that completed an acquisition in the last 180 days and subsequently appointed a new CIO in the last 90 days with a stated remit to integrate the acquired business. Acceptance interpretation: Acquisition must have closed before the CIO starts; hiring announcement must explicitly connect remit to integration; return acquiring group once."", ""evidence_types"": [""public_text""]}]","{""op"": ""condition"", ""condition_id"": ""requirements"", ""children"": []}",One independently operating company; do not merge distinct subsidiaries solely because they share a parent.,Acquisition completion release and later CIO appointment describing integration remit.,"[""public_text""]",Public evidence may be incomplete; absence of evidence is unknown.,unknown,unverified,A signed deal or generic technology mandate does not satisfy integration.,Healthcare integration and change-management prospecting,original,[],[],,SEQUENCE,public_web,2.0.0,signals
CSB-072,72,"Find B2B software companies headquartered in the United States with 51–500 employees and at least six distinct, currently open SDR, BDR or Account Executive requisitions first posted in the last 30 days.",Hiring demand,L3,Software,United States,HQ,51–500 employees,B2B,"[""industry"", ""headquarters"", ""employee_count"", ""job_function"", ""job_count""]","[""sales_hiring""]","[""time_sensitive""]",last_30_days,"Count unique employer requisitions, not location mirrors or syndicated copies; all six must be open at run_date.","[{""id"": ""requirements"", ""description"": ""Find B2B software companies headquartered in the United States with 51–500 employees and at least six distinct, currently open SDR, BDR or Account Executive requisitions first posted in the last 30 days. Acceptance interpretation: Count unique employer requisitions, not location mirrors or syndicated copies; all six must be open at run_date."", ""evidence_types"": [""public_text""]}]","{""op"": ""condition"", ""condition_id"": ""requirements"", ""children"": []}",One independently operating company; do not merge distinct subsidiaries solely because they share a parent.,"Employer career listings with requisition IDs, first-posted dates and active status; headcount evidence.","[""public_text""]",Public evidence may be incomplete; absence of evidence is unknown.,unknown,unverified,Job volume can reflect replacement hiring rather than growth.,Sales tooling and recruiting prospecting,source_inspired,"[""A06""]","[""https://www.avina.io/signals-library/high-velocity-sales-hiring""]",,THRESHOLD,public_web,2.0.0,signals
CSB-073,73,Find companies headquartered in Canada with 50–500 employees that currently advertise a Revenue Operations role posted in the last 90 days and explicitly describe it as the company’s first dedicated RevOps hire.,Hiring demand,L3,Cross-industry,Canada,HQ,50–500 employees,unconstrained,"[""headquarters"", ""employee_count"", ""job_function"", ""first_function""]","[""first_function_hiring""]","[""time_sensitive""]",last_90_days,First-in-function wording must be explicit; a senior job title alone does not establish a new function.,"[{""id"": ""requirements"", ""description"": ""Find companies headquartered in Canada with 50–500 employees that currently advertise a Revenue Operations role posted in the last 90 days and explicitly describe it as the company’s first dedicated RevOps hire. Acceptance interpretation: First-in-function wording must be explicit; a senior job title alone does not establish a new function."", ""evidence_types"": [""public_text""]}]","{""op"": ""condition"", ""condition_id"": ""requirements"", ""children"": []}",One independently operating company; do not merge distinct subsidiaries solely because they share a parent.,"Employer job description, first-posted date, active status and company size.","[""public_text""]",Public evidence may be incomplete; absence of evidence is unknown.,unknown,unverified,Recruiting agencies may conceal the true hiring company.,CRM implementation and RevOps consulting prospecting,original,[],[],,SEMANTIC,public_web,2.0.0,signals
CSB-074,74,"Find hotel operators with operating properties in the United Kingdom that currently advertise at least ten distinct housekeeping or front-desk requisitions across at least two UK cities, all first posted in the last 30 days.",Hiring demand,L3,Hospitality and leisure,United Kingdom,operations,unconstrained,Hospitality services,"[""industry"", ""operating_country"", ""job_function"", ""job_count"", ""multi_location""]","[""frontline_hiring""]","[""time_sensitive""]",last_30_days,Count operator-level requisitions across cities; collapse brands owned and operated by the same hiring group; exclude franchise jobs hired by unrelated operators.,"[{""id"": ""requirements"", ""description"": ""Find hotel operators with operating properties in the United Kingdom that currently advertise at least ten distinct housekeeping or front-desk requisitions across at least two UK cities, all first posted in the last 30 days. Acceptance interpretation: Count operator-level requisitions across cities; collapse brands owned and operated by the same hiring group; exclude franchise jobs hired by unrelated operators."", ""evidence_types"": [""public_text""]}]","{""op"": ""condition"", ""condition_id"": ""requirements"", ""children"": []}",One independently operating company; do not merge distinct subsidiaries solely because they share a parent.,"Official operator careers listing IDs, dates and property cities; ownership/operator attribution.","[""public_text""]",Public evidence may be incomplete; absence of evidence is unknown.,unknown,unverified,Brand networks are not necessarily one employing account.,Hospitality scheduling and frontline recruiting prospecting,original,[],[],,THRESHOLD,public_web,2.0.0,signals
CSB-075,75,"Find manufacturers operating in Germany that currently offer a named apprenticeship intake of at least 20 places starting within the next 180 days, according to an announcement already published by the run date.",Hiring demand,L3,Manufacturing,Germany,operations,unconstrained,unconstrained,"[""industry"", ""operating_country"", ""hiring_program"", ""planned_hires""]","[""apprenticeship_intake""]","[""time_sensitive""]",current announcement; intake starts within next 180 days,At least 20 stated positions in one intake; evidence must predate run_date; prospective start dates are allowed as announced plans.,"[{""id"": ""requirements"", ""description"": ""Find manufacturers operating in Germany that currently offer a named apprenticeship intake of at least 20 places starting within the next 180 days, according to an announcement already published by the run date. Acceptance interpretation: At least 20 stated positions in one intake; evidence must predate run_date; prospective start dates are allowed as announced plans."", ""evidence_types"": [""public_text""]}]","{""op"": ""condition"", ""condition_id"": ""requirements"", ""children"": []}",One independently operating company; do not merge distinct subsidiaries solely because they share a parent.,"Employer apprenticeship campaign stating places, German site and intake start date.","[""public_text""]",Public evidence may be incomplete; absence of evidence is unknown.,unknown,unverified,A careers page listing 20 job types does not establish 20 intake places.,Training platforms and apprenticeship recruiting prospecting,original,[],[],,THRESHOLD,public_web,2.0.0,signals
CSB-076,76,"Find ecommerce companies headquartered in the United States that currently advertise customer-support roles based in Mexico, explicitly requiring both Spanish and English, with at least one qualifying role first posted in the last 30 days.",Hiring demand,L3,Retail and consumer goods,United States HQ; Mexico jobs,mixed,unconstrained,B2C ecommerce,"[""industry"", ""headquarters"", ""job_country"", ""language"", ""job_function""]","[""cross_border_hiring""]","[""time_sensitive""]",last_30_days,"Return ecommerce employer, not recruiter or outsourced call-center vendor; remote must expressly permit Mexico.","[{""id"": ""requirements"", ""description"": ""Find ecommerce companies headquartered in the United States that currently advertise customer-support roles based in Mexico, explicitly requiring both Spanish and English, with at least one qualifying role first posted in the last 30 days. Acceptance interpretation: Return ecommerce employer, not recruiter or outsourced call-center vendor; remote must expressly permit Mexico."", ""evidence_types"": [""public_text""]}]","{""op"": ""condition"", ""condition_id"": ""requirements"", ""children"": []}",One independently operating company; do not merge distinct subsidiaries solely because they share a parent.,"Employer listing with Mexico location, bilingual requirement and date; US headquarters evidence.","[""public_text""]",Public evidence may be incomplete; absence of evidence is unknown.,unknown,unverified,Spanish language alone does not establish work location.,Employer-of-record and bilingual support recruiting prospecting,original,[],[],,AND,public_web,2.0.0,signals
CSB-077,77,Find publicly listed professional-services companies headquartered in the United States whose latest annual report was published in the last 180 days and shows worldwide employee headcount growth of at least 20% versus the comparable prior year.,Workforce growth,L3,Professional and business services,United States,HQ,unconstrained,B2B services,"[""industry"", ""headquarters"", ""public_status"", ""headcount_growth""]","[""employee_growth""]","[""time_sensitive""]",latest annual report published last 180 days; comparable year-over-year headcount,Calculate (current/prior)-1 using comparable employee counts; disclose acquisition-driven growth; exclude contractors if report separates them.,"[{""id"": ""requirements"", ""description"": ""Find publicly listed professional-services companies headquartered in the United States whose latest annual report was published in the last 180 days and shows worldwide employee headcount growth of at least 20% versus the comparable prior year. Acceptance interpretation: Calculate (current/prior)-1 using comparable employee counts; disclose acquisition-driven growth; exclude contractors if report separates them."", ""evidence_types"": [""public_text""]}]","{""op"": ""condition"", ""condition_id"": ""requirements"", ""children"": []}",One independently operating company; do not merge distinct subsidiaries solely because they share a parent.,"Two year-end employee counts and definitions from the same annual report, publication date and calculation.","[""public_text""]",Public evidence may be incomplete; absence of evidence is unknown.,unknown,unverified,"FTEs, employees and billable professionals are not interchangeable denominators.",HR systems and workforce-planning prospecting,original,[],[],,THRESHOLD,public_web,2.0.0,signals
CSB-078,78,"Find enterprise-software companies headquartered in India that currently have distinct direct sales requisitions located in each of the United States, the United Kingdom and Singapore, all first posted in the last 30 days.",Hiring demand,L3,Software,"India HQ; United States, United Kingdom, Singapore jobs",mixed,unconstrained,B2B,"[""industry"", ""headquarters"", ""job_country"", ""job_function"", ""multi_country""]","[""international_sales_hiring""]","[""time_sensitive""]",last_30_days,One qualifying requisition per named country; a single worldwide remote listing does not count three times.,"[{""id"": ""requirements"", ""description"": ""Find enterprise-software companies headquartered in India that currently have distinct direct sales requisitions located in each of the United States, the United Kingdom and Singapore, all first posted in the last 30 days. Acceptance interpretation: One qualifying requisition per named country; a single worldwide remote listing does not count three times."", ""evidence_types"": [""public_text""]}]","{""op"": ""condition"", ""condition_id"": ""requirements"", ""children"": []}",One independently operating company; do not merge distinct subsidiaries solely because they share a parent.,"Employer job URLs and requisition IDs for each country, publication dates and headquarters.","[""public_text""]",Public evidence may be incomplete; absence of evidence is unknown.,unknown,unverified,Multi-country job-board mirrors can inflate expansion evidence.,Global payroll and international sales enablement prospecting,original,[],[],,AND,public_web,2.0.0,signals
CSB-079,79,Find software companies headquartered in the United States that opened their explicitly described first office in the United Kingdom in the last 180 days.,Expansion,L3,Software,United States HQ; United Kingdom office,mixed,unconstrained,unconstrained,"[""industry"", ""headquarters"", ""operating_country"", ""first_market_presence""]","[""office_opening""]","[""time_sensitive""]",last_180_days,Use actual opening date; planned openings do not qualify; first must be stated affirmatively.,"[{""id"": ""requirements"", ""description"": ""Find software companies headquartered in the United States that opened their explicitly described first office in the United Kingdom in the last 180 days. Acceptance interpretation: Use actual opening date; planned openings do not qualify; first must be stated affirmatively."", ""evidence_types"": [""public_text""]}]","{""op"": ""condition"", ""condition_id"": ""requirements"", ""children"": []}",One independently operating company; do not merge distinct subsidiaries solely because they share a parent.,"Dated company announcement confirming opened office, UK address and first-UK-office statement.","[""public_text""]",Public evidence may be incomplete; absence of evidence is unknown.,unknown,unverified,Hiring a remote UK employee is not opening an office.,Office services and international employment prospecting,original,[],[],,AND,public_web,2.0.0,signals
CSB-080,80,"Find cosmetics brands headquartered in France that began selling through a named Japanese retail distributor in the last 180 days, with both a dated launch announcement and a current Japanese product listing.",Expansion,L4,Retail and consumer goods,France HQ; Japan customers,mixed,unconstrained,B2C,"[""industry"", ""headquarters"", ""customer_geography"", ""distribution_channel""]","[""market_entry""]","[""time_sensitive""]",last_180_days,Require actual on-sale launch in Japan within window and brand-to-owner resolution; return brand-owning company once.,"[{""id"": ""requirements"", ""description"": ""Find cosmetics brands headquartered in France that began selling through a named Japanese retail distributor in the last 180 days, with both a dated launch announcement and a current Japanese product listing. Acceptance interpretation: Require actual on-sale launch in Japan within window and brand-to-owner resolution; return brand-owning company once."", ""evidence_types"": [""public_text""]}]","{""op"": ""condition"", ""condition_id"": ""requirements"", ""children"": []}",One independently operating company; do not merge distinct subsidiaries solely because they share a parent.,Brand or distributor launch notice and current Japan retailer product listing.,"[""public_text""]",Public evidence may be incomplete; absence of evidence is unknown.,unknown,unverified,A distribution agreement can precede actual product availability.,"Localization, channel management and cross-border logistics prospecting",source_inspired,"[""A07""]","[""https://www.avina.io/signals-library/international-market-entry-and-localization""]",,JOIN,public_web,2.0.0,signals
CSB-081,81,"Find cold-storage logistics operators that began operating a new refrigerated warehouse of at least 100,000 square feet in the United States in the last 180 days.",Expansion,L3,Transportation and logistics,United States,operations,unconstrained,B2B services,"[""industry"", ""operating_country"", ""facility_type"", ""facility_area""]","[""facility_opening""]","[""time_sensitive""]",last_180_days,"Require operational opening, not lease signing or groundbreaking; area applies to the named new facility.","[{""id"": ""requirements"", ""description"": ""Find cold-storage logistics operators that began operating a new refrigerated warehouse of at least 100,000 square feet in the United States in the last 180 days. Acceptance interpretation: Require operational opening, not lease signing or groundbreaking; area applies to the named new facility."", ""evidence_types"": [""public_text""]}]","{""op"": ""condition"", ""condition_id"": ""requirements"", ""children"": []}",One independently operating company; do not merge distinct subsidiaries solely because they share a parent.,"Opening notice identifying operator, refrigeration use, US location, opening date and area.","[""public_text""]",Public evidence may be incomplete; absence of evidence is unknown.,unknown,unverified,Total portfolio area may be confused with the new warehouse’s area.,Cold-chain equipment and warehouse-management prospecting,original,[],[],,THRESHOLD,public_web,2.0.0,signals
CSB-082,82,Find restaurant operators that opened at least three company-operated locations in the United Kingdom in the last 180 days.,Expansion,L3,Hospitality and leisure,United Kingdom,operations,unconstrained,B2C,"[""industry"", ""operating_country"", ""new_location_count"", ""ownership""]","[""multi_site_expansion""]","[""time_sensitive""]",last_180_days,All three must be open by run_date and operated by the returned company; franchisee openings do not accrue to franchisor unless directly operated.,"[{""id"": ""requirements"", ""description"": ""Find restaurant operators that opened at least three company-operated locations in the United Kingdom in the last 180 days. Acceptance interpretation: All three must be open by run_date and operated by the returned company; franchisee openings do not accrue to franchisor unless directly operated."", ""evidence_types"": [""public_text""]}]","{""op"": ""condition"", ""condition_id"": ""requirements"", ""children"": []}",One independently operating company; do not merge distinct subsidiaries solely because they share a parent.,"Three distinct site openings, dates, addresses and affirmative operator ownership evidence.","[""public_text""]",Public evidence may be incomplete; absence of evidence is unknown.,unknown,unverified,Announced pipeline and franchise openings can inflate operator growth.,Restaurant workforce and multi-site operations prospecting,original,[],[],,THRESHOLD,public_web,2.0.0,signals
CSB-083,83,Find manufacturers that broke ground on a new factory in Mexico in the last 365 days and announced investment of at least USD 50 million specifically for that factory.,Expansion,L3,Manufacturing,Mexico,operations,unconstrained,unconstrained,"[""industry"", ""operating_country"", ""capex_amount"", ""project_stage""]","[""factory_construction""]","[""time_sensitive""]",last_365_days,Groundbreaking must have occurred; announced funding plans alone fail; exclude multi-facility totals lacking site allocation.,"[{""id"": ""requirements"", ""description"": ""Find manufacturers that broke ground on a new factory in Mexico in the last 365 days and announced investment of at least USD 50 million specifically for that factory. Acceptance interpretation: Groundbreaking must have occurred; announced funding plans alone fail; exclude multi-facility totals lacking site allocation."", ""evidence_types"": [""public_text""]}]","{""op"": ""condition"", ""condition_id"": ""requirements"", ""children"": []}",One independently operating company; do not merge distinct subsidiaries solely because they share a parent.,"Groundbreaking date, project site, manufacturing owner and disclosed project investment.","[""public_text""]",Public evidence may be incomplete; absence of evidence is unknown.,unknown,unverified,Site-selection announcements can be reported as construction starts.,Industrial equipment and construction-services prospecting,original,[],[],,THRESHOLD,public_web,2.0.0,signals
CSB-084,84,"Find ecommerce companies headquartered in the United Kingdom that launched both French-language and German-language storefronts in the last 90 days, with localized product, checkout and shipping-information pages for each language.",Expansion,L4,Retail and consumer goods,United Kingdom,HQ,unconstrained,B2C ecommerce,"[""industry"", ""headquarters"", ""language"", ""localized_storefront""]","[""localization_launch""]","[""time_sensitive""]",last_90_days,Both storefronts must have launched within window; machine translation widgets alone fail; verify checkout availability without submitting orders.,"[{""id"": ""requirements"", ""description"": ""Find ecommerce companies headquartered in the United Kingdom that launched both French-language and German-language storefronts in the last 90 days, with localized product, checkout and shipping-information pages for each language. Acceptance interpretation: Both storefronts must have launched within window; machine translation widgets alone fail; verify checkout availability without submitting orders."", ""evidence_types"": [""public_text""]}]","{""op"": ""condition"", ""condition_id"": ""requirements"", ""children"": []}",One independently operating company; do not merge distinct subsidiaries solely because they share a parent.,Dated storefront launch or timestamped page changes plus the six required localized page types.,"[""public_text""]",Public evidence may be incomplete; absence of evidence is unknown.,unknown,unverified,A language selector can exist without functioning localized commerce.,Translation management and international ecommerce prospecting,source_inspired,"[""A07""]","[""https://www.avina.io/signals-library/international-market-entry-and-localization""]",,JOIN,public_web,2.0.0,signals
CSB-085,85,Find IT-services companies headquartered in India that opened a new delivery center in Poland in the last 180 days with a publicly stated staffing target of at least 100 employees.,Expansion,L3,Professional and business services,India HQ; Poland operations,mixed,unconstrained,B2B services,"[""industry"", ""headquarters"", ""operating_country"", ""planned_headcount""]","[""delivery_center_opening""]","[""time_sensitive""]",last_180_days,"Require actual opening; 100 is planned center capacity, not current staff; report planned staffing as such.","[{""id"": ""requirements"", ""description"": ""Find IT-services companies headquartered in India that opened a new delivery center in Poland in the last 180 days with a publicly stated staffing target of at least 100 employees. Acceptance interpretation: Require actual opening; 100 is planned center capacity, not current staff; report planned staffing as such."", ""evidence_types"": [""public_text""]}]","{""op"": ""condition"", ""condition_id"": ""requirements"", ""children"": []}",One independently operating company; do not merge distinct subsidiaries solely because they share a parent.,"Company opening announcement, Polish location, target staff and current operational status.","[""public_text""]",Public evidence may be incomplete; absence of evidence is unknown.,unknown,unverified,Group-wide hiring goals may be wrongly assigned to one center.,Employer services and international recruiting prospecting,original,[],[],,THRESHOLD,public_web,2.0.0,signals
CSB-086,86,"Find fintech companies headquartered in the United States that released a generally available self-service public API in the last 90 days, with public documentation and an account or API-key signup path.",Product and business-model change,L3,Financial services,United States,HQ,unconstrained,B2B,"[""industry"", ""headquarters"", ""product_availability"", ""api_access""]","[""api_launch""]","[""time_sensitive""]",last_90_days,"Exclude private beta, waitlist-only APIs and partner-only access; do not create accounts.","[{""id"": ""requirements"", ""description"": ""Find fintech companies headquartered in the United States that released a generally available self-service public API in the last 90 days, with public documentation and an account or API-key signup path. Acceptance interpretation: Exclude private beta, waitlist-only APIs and partner-only access; do not create accounts."", ""evidence_types"": [""public_text""]}]","{""op"": ""condition"", ""condition_id"": ""requirements"", ""children"": []}",One independently operating company; do not merge distinct subsidiaries solely because they share a parent.,"Dated general-availability announcement, public docs and visible signup/key provisioning instructions.","[""public_text""]",Public evidence may be incomplete; absence of evidence is unknown.,unknown,unverified,An integration catalogue is not a new public API.,API management and developer-experience prospecting,source_inspired,"[""A08""]","[""https://www.avina.io/signals-library/developer-platform-and-api-launches""]",,AND,public_web,2.0.0,signals
CSB-087,87,Find B2B software companies headquartered in the United Kingdom that publicly announced a move from exclusively per-seat pricing to offering usage-based pricing in the last 90 days.,Product and business-model change,L3,Software,United Kingdom,HQ,unconstrained,B2B SaaS,"[""industry"", ""headquarters"", ""pricing_model"", ""historical_comparison""]","[""pricing_change""]","[""time_sensitive""]",last_90_days,Require explicit transition from seat-only model and a measurable usage unit in the new offer; exclude usage limits on unchanged seat plans.,"[{""id"": ""requirements"", ""description"": ""Find B2B software companies headquartered in the United Kingdom that publicly announced a move from exclusively per-seat pricing to offering usage-based pricing in the last 90 days. Acceptance interpretation: Require explicit transition from seat-only model and a measurable usage unit in the new offer; exclude usage limits on unchanged seat plans."", ""evidence_types"": [""public_text""]}]","{""op"": ""condition"", ""condition_id"": ""requirements"", ""children"": []}",One independently operating company; do not merge distinct subsidiaries solely because they share a parent.,Dated pricing-change notice and old versus new billing-unit evidence.,"[""public_text""]",Public evidence may be incomplete; absence of evidence is unknown.,unknown,unverified,Adding an overage fee may not change the core commercial model.,Usage metering and subscription-billing prospecting,original,[],[],,SEMANTIC,public_web,2.0.0,signals
CSB-088,88,Find consumer food brands headquartered in the United States that launched a recurring paid subscription offering in the last 90 days and currently ship it directly to consumers.,Product and business-model change,L3,Retail and consumer goods,United States,HQ,unconstrained,B2C subscription,"[""industry"", ""headquarters"", ""subscription_model"", ""direct_to_consumer""]","[""subscription_launch""]","[""time_sensitive""]",last_90_days,"Require a new recurring paid offer, not a newsletter, one-off bundle or retailer subscription unrelated to brand.","[{""id"": ""requirements"", ""description"": ""Find consumer food brands headquartered in the United States that launched a recurring paid subscription offering in the last 90 days and currently ship it directly to consumers. Acceptance interpretation: Require a new recurring paid offer, not a newsletter, one-off bundle or retailer subscription unrelated to brand."", ""evidence_types"": [""public_text""]}]","{""op"": ""condition"", ""condition_id"": ""requirements"", ""children"": []}",One independently operating company; do not merge distinct subsidiaries solely because they share a parent.,Dated launch announcement and current recurring checkout terms with shipping information.,"[""public_text""]",Public evidence may be incomplete; absence of evidence is unknown.,unknown,unverified,Subscribe-and-save pages may be old despite recent crawl dates.,Subscription retention and fulfillment prospecting,original,[],[],,AND,public_web,2.0.0,signals
CSB-089,89,"Find B2B software companies headquartered in Canada that introduced their first explicitly named enterprise plan in the last 90 days, with both dedicated account management and negotiated contract pricing.",Product and business-model change,L3,Software,Canada,HQ,unconstrained,B2B SaaS,"[""industry"", ""headquarters"", ""pricing_tier"", ""enterprise_features""]","[""enterprise_motion_launch""]","[""time_sensitive""]",last_90_days,Require affirmative first-plan evidence; renaming an existing tier fails; both account management and negotiated pricing must be present.,"[{""id"": ""requirements"", ""description"": ""Find B2B software companies headquartered in Canada that introduced their first explicitly named enterprise plan in the last 90 days, with both dedicated account management and negotiated contract pricing. Acceptance interpretation: Require affirmative first-plan evidence; renaming an existing tier fails; both account management and negotiated pricing must be present."", ""evidence_types"": [""public_text""]}]","{""op"": ""condition"", ""condition_id"": ""requirements"", ""children"": []}",One independently operating company; do not merge distinct subsidiaries solely because they share a parent.,Dated company launch statement confirming first enterprise plan and published features.,"[""public_text""]",Public evidence may be incomplete; absence of evidence is unknown.,unknown,unverified,Contact-sales buttons alone do not establish enterprise readiness.,Enterprise sales and customer-success tooling prospecting,original,[],[],,AND,public_web,2.0.0,signals
CSB-090,90,Find software companies headquartered in Australia with 50–500 employees that launched a reseller partner program in the last 180 days and currently publish partner eligibility and a reseller application page.,Product and business-model change,L3,Software,Australia,HQ,50–500 employees,B2B,"[""industry"", ""headquarters"", ""employee_count"", ""channel_model""]","[""partner_program_launch""]","[""time_sensitive""]",last_180_days,"Reselling must be permitted, not merely affiliate referrals; program must be new within window and accepting applications.","[{""id"": ""requirements"", ""description"": ""Find software companies headquartered in Australia with 50–500 employees that launched a reseller partner program in the last 180 days and currently publish partner eligibility and a reseller application page. Acceptance interpretation: Reselling must be permitted, not merely affiliate referrals; program must be new within window and accepting applications."", ""evidence_types"": [""public_text""]}]","{""op"": ""condition"", ""condition_id"": ""requirements"", ""children"": []}",One independently operating company; do not merge distinct subsidiaries solely because they share a parent.,"Dated program launch, eligibility page, reseller application and employee estimate.","[""public_text""]",Public evidence may be incomplete; absence of evidence is unknown.,unknown,unverified,Technology integrations are not reselling relationships.,Partner relationship management and channel enablement prospecting,original,[],[],,AND,public_web,2.0.0,signals
CSB-091,91,"Find professional-services companies headquartered in the United States that completed a corporate rebrand in the last 90 days, including a new name or visual identity and an updated live corporate website.",Product and business-model change,L3,Professional and business services,United States,HQ,unconstrained,B2B services,"[""industry"", ""headquarters"", ""corporate_identity""]","[""rebrand""]","[""time_sensitive""]",last_90_days,Return one current operating company/domain; exclude product-only campaigns and agencies merely announcing client work.,"[{""id"": ""requirements"", ""description"": ""Find professional-services companies headquartered in the United States that completed a corporate rebrand in the last 90 days, including a new name or visual identity and an updated live corporate website. Acceptance interpretation: Return one current operating company/domain; exclude product-only campaigns and agencies merely announcing client work."", ""evidence_types"": [""public_text""]}]","{""op"": ""condition"", ""condition_id"": ""requirements"", ""children"": []}",One independently operating company; do not merge distinct subsidiaries solely because they share a parent.,"Dated company rebrand announcement, current site and old-to-new identity relationship.","[""public_text""]",Public evidence may be incomplete; absence of evidence is unknown.,unknown,unverified,Old and new domains may be mistaken for two companies.,"Brand rollout, content and digital-experience prospecting",original,[],[],,AND,public_web,2.0.0,signals
CSB-092,92,Find companies headquartered in the United States with 20–200 employees whose CEO or finance leader publicly asked for recommendations for a payroll provider for their own company in the last 30 days.,Public expressed need,L3,Cross-industry,United States,HQ,20–200 employees,unconstrained,"[""headquarters"", ""employee_count"", ""speaker_function"", ""explicit_need""]","[""vendor_recommendation_request""]","[""time_sensitive""]",last_30_days,"Post must seek a vendor for the author’s employer, not conduct a survey or promote a provider; return company only.","[{""id"": ""requirements"", ""description"": ""Find companies headquartered in the United States with 20–200 employees whose CEO or finance leader publicly asked for recommendations for a payroll provider for their own company in the last 30 days. Acceptance interpretation: Post must seek a vendor for the author’s employer, not conduct a survey or promote a provider; return company only."", ""evidence_types"": [""public_text""]}]","{""op"": ""condition"", ""condition_id"": ""requirements"", ""children"": []}",One independently operating company; do not merge distinct subsidiaries solely because they share a parent.,"Public dated post, author’s employer and role at posting time, company headquarters and size.","[""public_text""]",Public evidence may be incomplete; absence of evidence is unknown.,unknown,unverified,Anonymous forum posts often cannot be reliably linked to a company.,Payroll vendor prospecting,original,"[""A12""]","[""https://www.reddit.com/r/sales/comments/1reb55s/is_intent_data_for_leads_still_working_for_you_or/""]",,SEMANTIC,public_web,2.0.0,signals
CSB-093,93,Find companies headquartered in the United Kingdom whose official account or employed sales leader posted about expanding the sales team in the last 30 days and that currently have at least six distinct open direct-sales requisitions first posted in that period.,Public expressed need,L4,Cross-industry,United Kingdom,HQ,unconstrained,unconstrained,"[""headquarters"", ""job_function"", ""job_count"", ""speaker_attribution""]","[""social_hiring_announcement"", ""sales_hiring""]","[""time_sensitive""]",last_30_days,Corroborate social language with actual job IDs; exclude agency recruiting for unnamed clients.,"[{""id"": ""requirements"", ""description"": ""Find companies headquartered in the United Kingdom whose official account or employed sales leader posted about expanding the sales team in the last 30 days and that currently have at least six distinct open direct-sales requisitions first posted in that period. Acceptance interpretation: Corroborate social language with actual job IDs; exclude agency recruiting for unnamed clients."", ""evidence_types"": [""public_text""]}]","{""op"": ""condition"", ""condition_id"": ""requirements"", ""children"": []}",One independently operating company; do not merge distinct subsidiaries solely because they share a parent.,"Dated recruiting post, speaker-employer link and six unique active employer requisitions with dates.","[""public_text""]",Public evidence may be incomplete; absence of evidence is unknown.,unknown,unverified,Promotional growth wording can conceal attrition replacement.,Sales onboarding and enablement prospecting,source_inspired,"[""A09""]","[""https://www.avina.io/signals-library/aggressive-sales-recruiting-push""]",,JOIN,public_web,2.0.0,signals
CSB-094,94,Find fintech companies headquartered in the United Kingdom whose founder or finance leader publicly stated in the last 90 days that the company still reconciles customer payments manually in spreadsheets and wants to automate that process.,Public expressed need,L3,Financial services,United Kingdom,HQ,unconstrained,unconstrained,"[""industry"", ""headquarters"", ""speaker_function"", ""workflow_pain"", ""explicit_need""]","[""manual_process_pain""]","[""time_sensitive""]",last_90_days,Both current manual payment reconciliation and desired automation must be explicit; hypothetical educational content fails.,"[{""id"": ""requirements"", ""description"": ""Find fintech companies headquartered in the United Kingdom whose founder or finance leader publicly stated in the last 90 days that the company still reconciles customer payments manually in spreadsheets and wants to automate that process. Acceptance interpretation: Both current manual payment reconciliation and desired automation must be explicit; hypothetical educational content fails."", ""evidence_types"": [""public_text""]}]","{""op"": ""condition"", ""condition_id"": ""requirements"", ""children"": []}",One independently operating company; do not merge distinct subsidiaries solely because they share a parent.,"Public interview, post or talk with dated statement, employer attribution and explicit current workflow.","[""public_text""]",Public evidence may be incomplete; absence of evidence is unknown.,unknown,unverified,Vendors describing their customers’ pain are not self-reporting their own process.,Payment reconciliation automation prospecting,original,[],[],,SEMANTIC,public_web,2.0.0,signals
CSB-095,95,Find publicly listed logistics companies headquartered in the United States whose earnings release or earnings-call transcript published in the last 90 days reports at least a 15% year-over-year increase in purchased transportation costs for the reported quarter.,Public expressed need,L3,Transportation and logistics,United States,HQ,unconstrained,B2B services,"[""industry"", ""headquarters"", ""public_status"", ""cost_growth""]","[""cost_pressure""]","[""time_sensitive""]",release last 90 days; reported quarter year-over-year,"Use the stated line item, not total operating costs or freight revenue; compute exact percentage if two figures are given.","[{""id"": ""requirements"", ""description"": ""Find publicly listed logistics companies headquartered in the United States whose earnings release or earnings-call transcript published in the last 90 days reports at least a 15% year-over-year increase in purchased transportation costs for the reported quarter. Acceptance interpretation: Use the stated line item, not total operating costs or freight revenue; compute exact percentage if two figures are given."", ""evidence_types"": [""public_text""]}]","{""op"": ""condition"", ""condition_id"": ""requirements"", ""children"": []}",One independently operating company; do not merge distinct subsidiaries solely because they share a parent.,Company earnings release or transcript with comparable purchased-transportation cost figures and period.,"[""public_text""]",Public evidence may be incomplete; absence of evidence is unknown.,unknown,unverified,Higher absolute costs may reflect acquisition or volume rather than higher unit rates.,Transportation procurement and freight-spend analytics prospecting,original,[],[],,THRESHOLD,public_web,2.0.0,signals
CSB-121,96,Find companies headquartered in the United Kingdom whose main corporate website currently loads HubSpot marketing tracking code. Do not interpret this as proof that they use HubSpot CRM.,Technographics,L1,Cross-industry,United Kingdom,HQ,unconstrained,unconstrained,"[""headquarters"", ""website_technology"", ""technology_usage""]",[],"[""simple"", ""technographic"", ""time_sensitive""]",current,Match United Kingdom HQ and active HubSpot tracking on the company-owned production site; a historical detector record alone is insufficient. Return one canonical operating-company domain per corporate group.,"[{""id"": ""requirements"", ""description"": ""Find companies headquartered in the United Kingdom whose main corporate website currently loads HubSpot marketing tracking code. Do not interpret this as proof that they use HubSpot CRM. Acceptance interpretation: Match United Kingdom HQ and active HubSpot tracking on the company-owned production site; a historical detector record alone is insufficient. Return one canonical operating-company domain per corporate group."", ""evidence_types"": [""public_html"", ""public_text""]}]","{""op"": ""condition"", ""condition_id"": ""requirements"", ""children"": []}",One corporate group; brands and subsidiaries of that group receive one credit.,Corporate identity and live page-source or network evidence of HubSpot tracking.,"[""public_html"", ""public_text""]",Website technology needs affirmative live HTML/script or official deployment evidence; a failed detector is unknown.,unknown,unverified,Marketing tracking is not proof of CRM deployment or a paid subscription.,HubSpot ecosystem agencies: target compatible marketing websites.,source_inspired,"[""C01"", ""C15""]","[""https://www.clay.com/guides/what-is-technographic-data"", ""https://www.reddit.com/r/agency/comments/1uclxd0/how_would_you_build_the_data_layer_for_cold/""]",,AND,public_web,2.0.0,technographic
CSB-122,97,Find retail companies that currently sell physical products through a WooCommerce-powered online store.,Technographics,L1,Retail and consumer goods,Global,global,unconstrained,E-commerce,"[""website_technology"", ""product_category"", ""technology_usage""]",[],"[""simple"", ""technographic"", ""time_sensitive""]",current,Require an operating merchant with physical products and a production WooCommerce store; exclude agencies and demo stores. Return one canonical operating-company domain per corporate group.,"[{""id"": ""requirements"", ""description"": ""Find retail companies that currently sell physical products through a WooCommerce-powered online store. Acceptance interpretation: Require an operating merchant with physical products and a production WooCommerce store; exclude agencies and demo stores. Return one canonical operating-company domain per corporate group."", ""evidence_types"": [""public_html"", ""public_text""]}]","{""op"": ""condition"", ""condition_id"": ""requirements"", ""children"": []}",One corporate group; brands and subsidiaries of that group receive one credit.,Live store checkout/catalog and WooCommerce implementation evidence.,"[""public_html"", ""public_text""]",Website technology needs affirmative live HTML/script or official deployment evidence; a failed detector is unknown.,unknown,unverified,A blog mentioning WooCommerce is not an installed commerce system.,WooCommerce payment or fulfillment integrations.,source_inspired,"[""C04""]","[""https://origami.chat/products/ai-research-agents""]",,AND,public_web,2.0.0,technographic
CSB-123,98,Find consumer brands headquartered in the United States with 50–500 employees that currently operate a Shopify Plus store.,Technographics,L3,Retail and consumer goods,United States,HQ,50–500 employees,Consumer brand,"[""headquarters"", ""employee_count"", ""technology_tier"", ""business_model""]",[],"[""technographic"", ""time_sensitive""]",current,"All predicates must match; confirm Plus specifically through the merchant or a named vendor/implementation case, not a generic Shopify detector. Return one canonical operating-company domain per corporate group.","[{""id"": ""requirements"", ""description"": ""Find consumer brands headquartered in the United States with 50–500 employees that currently operate a Shopify Plus store. Acceptance interpretation: All predicates must match; confirm Plus specifically through the merchant or a named vendor/implementation case, not a generic Shopify detector. Return one canonical operating-company domain per corporate group."", ""evidence_types"": [""public_text""]}]","{""op"": ""condition"", ""condition_id"": ""requirements"", ""children"": []}",One corporate group; brands and subsidiaries of that group receive one credit.,"Headquarters, dated headcount, and explicit Shopify Plus deployment evidence.","[""public_text""]",Public evidence may be incomplete; absence of evidence is unknown.,unknown,unverified,Standard Shopify use does not establish the Plus tier.,Enterprise commerce agencies and app vendors.,source_inspired,"[""C03"", ""C04""]","[""https://www.clay.com/templates/build-account-list-and-account-score-based-on-technographic-and-firmographic-data"", ""https://origami.chat/products/ai-research-agents""]",,AND,public_web,2.0.0,technographic
CSB-124,99,Find direct-to-consumer home-goods brands whose current online store runs Shopify and has an active Klaviyo email signup integration.,Stack combinations,L2,Retail and consumer goods,Global,global,unconstrained,DTC E-commerce,"[""product_category"", ""business_model"", ""technology_combination"", ""technology_usage""]",[],"[""technographic"", ""time_sensitive""]",current,"Verify home-goods catalog, own-brand DTC sales, Shopify storefront and active Klaviyo signup; do not infer subscription spend. Return one canonical operating-company domain per corporate group.","[{""id"": ""requirements"", ""description"": ""Find direct-to-consumer home-goods brands whose current online store runs Shopify and has an active Klaviyo email signup integration. Acceptance interpretation: Verify home-goods catalog, own-brand DTC sales, Shopify storefront and active Klaviyo signup; do not infer subscription spend. Return one canonical operating-company domain per corporate group."", ""evidence_types"": [""public_html"", ""public_text""]}]","{""op"": ""condition"", ""condition_id"": ""requirements"", ""children"": []}",One corporate group; brands and subsidiaries of that group receive one credit.,Store platform and live Klaviyo form or integration evidence.,"[""public_html"", ""public_text""]",Website technology needs affirmative live HTML/script or official deployment evidence; a failed detector is unknown.,unknown,unverified,A dormant Klaviyo script may survive a migration.,Lifecycle marketing agencies prioritizing an existing ecosystem.,source_inspired,"[""C14""]","[""https://www.reddit.com/r/SalesOperations/comments/1qm23bg/for_stack_specific_outbound_how_are_you/""]",,AND,public_web,2.0.0,technographic
CSB-125,100,Find B2B software companies whose production marketing site is built with Webflow and currently exposes an Intercom chat widget.,Stack combinations,L2,Software,Global,global,unconstrained,B2B software,"[""business_model"", ""technology_combination"", ""website_attribute"", ""technology_usage""]",[],"[""technographic"", ""time_sensitive""]",current,"Verify B2B software offering plus both technologies on the company production site, not a customer example or agency portfolio. Return one canonical operating-company domain per corporate group.","[{""id"": ""requirements"", ""description"": ""Find B2B software companies whose production marketing site is built with Webflow and currently exposes an Intercom chat widget. Acceptance interpretation: Verify B2B software offering plus both technologies on the company production site, not a customer example or agency portfolio. Return one canonical operating-company domain per corporate group."", ""evidence_types"": [""public_html"", ""public_text""]}]","{""op"": ""condition"", ""condition_id"": ""requirements"", ""children"": []}",One corporate group; brands and subsidiaries of that group receive one credit.,Company product page and live Webflow/Intercom implementation evidence.,"[""public_html"", ""public_text""]",Website technology needs affirmative live HTML/script or official deployment evidence; a failed detector is unknown.,unknown,unverified,Supported integrations are not proof of website installation.,Web conversion and support workflow integration vendors.,source_inspired,"[""C01"", ""C02""]","[""https://www.clay.com/guides/what-is-technographic-data"", ""https://www.clay.com/customers/intercom""]",,AND,public_web,2.0.0,technographic
CSB-126,101,Find manufacturers with affirmative public evidence that they currently use SAP Business One for their own finance or inventory operations.,Technographics,L3,Manufacturing,Global,global,unconstrained,unconstrained,"[""industry"", ""erp_usage"", ""technology_usage""]",[],"[""technographic"", ""time_sensitive""]",current,Require actual SAP Business One use by the manufacturer; job requirements or selling SAP services alone do not qualify; stale historical deployments remain unknown. Return one canonical operating-company domain per corporate group.,"[{""id"": ""requirements"", ""description"": ""Find manufacturers with affirmative public evidence that they currently use SAP Business One for their own finance or inventory operations. Acceptance interpretation: Require actual SAP Business One use by the manufacturer; job requirements or selling SAP services alone do not qualify; stale historical deployments remain unknown. Return one canonical operating-company domain per corporate group."", ""evidence_types"": [""public_text""]}]","{""op"": ""condition"", ""condition_id"": ""requirements"", ""children"": []}",One corporate group; brands and subsidiaries of that group receive one credit.,Manufacturer identity and explicit company/vendor deployment statement.,"[""public_text""]",Public evidence may be incomplete; absence of evidence is unknown.,unknown,unverified,SAP ERP or S/4HANA is not SAP Business One.,"ERP implementation, reporting and add-on sellers.",source_inspired,"[""C13""]","[""https://www.reddit.com/r/gtmengineering/comments/1szsgiq/looking_for_genuine_advice/""]",,AND,public_web,2.0.0,technographic
CSB-127,102,Find staffing agencies headquartered in the United Kingdom with at least 100 internal employees that publicly document current use of Bullhorn as their applicant tracking system.,Technographics,L3,Professional and business services,United Kingdom,HQ,100+ internal employees,Staffing services,"[""headquarters"", ""employee_count"", ""ats_usage"", ""technology_usage""]",[],"[""technographic"", ""time_sensitive""]",current,Verify all three conditions; deployed contractor counts do not count toward the 100 internal employees. Return one canonical operating-company domain per corporate group.,"[{""id"": ""requirements"", ""description"": ""Find staffing agencies headquartered in the United Kingdom with at least 100 internal employees that publicly document current use of Bullhorn as their applicant tracking system. Acceptance interpretation: Verify all three conditions; deployed contractor counts do not count toward the 100 internal employees. Return one canonical operating-company domain per corporate group."", ""evidence_types"": [""public_text""]}]","{""op"": ""condition"", ""condition_id"": ""requirements"", ""children"": []}",One corporate group; brands and subsidiaries of that group receive one credit.,"HQ, internal agency headcount and named Bullhorn deployment evidence.","[""public_text""]",Public evidence may be incomplete; absence of evidence is unknown.,unknown,unverified,Temporary workers placed by the agency can inflate company headcount.,Staffing analytics and Bullhorn integrations.,original,"[""C01""]","[""https://www.clay.com/guides/what-is-technographic-data""]",,AND,public_web,2.0.0,technographic
CSB-128,103,"Find B2B companies with 500–5,000 employees that publicly document current use of both Salesforce Sales Cloud and Adobe Marketo Engage within the same operating company.",Stack combinations,L3,Cross-industry,Global,global,"500–5,000 employees",B2B,"[""employee_count"", ""technology_combination"", ""business_model"", ""technology_usage""]",[],"[""technographic"", ""time_sensitive""]",current,"Verify B2B sales, size and both named products; Salesforce marketing pixels and unrelated subsidiaries do not satisfy the stack. Return one canonical operating-company domain per corporate group.","[{""id"": ""requirements"", ""description"": ""Find B2B companies with 500–5,000 employees that publicly document current use of both Salesforce Sales Cloud and Adobe Marketo Engage within the same operating company. Acceptance interpretation: Verify B2B sales, size and both named products; Salesforce marketing pixels and unrelated subsidiaries do not satisfy the stack. Return one canonical operating-company domain per corporate group."", ""evidence_types"": [""public_text""]}]","{""op"": ""condition"", ""condition_id"": ""requirements"", ""children"": []}",One corporate group; brands and subsidiaries of that group receive one credit.,Headcount and deployment evidence for each product tied to one entity.,"[""public_text""]",Public evidence may be incomplete; absence of evidence is unknown.,unknown,unverified,Corporate groups may use the two products in different subsidiaries.,Revenue operations integration and data quality tools.,source_inspired,"[""C01"", ""C03""]","[""https://www.clay.com/guides/what-is-technographic-data"", ""https://www.clay.com/templates/build-account-list-and-account-score-based-on-technographic-and-firmographic-data""]",,AND,public_web,2.0.0,technographic
CSB-129,104,Find financial-services companies that publicly describe Snowflake and dbt operating together in their production analytics stack.,Stack combinations,L3,Financial services,Global,global,unconstrained,unconstrained,"[""technology_combination"", ""production_usage"", ""technology_usage""]",[],"[""technographic""]",current,Require affirmative production use of both tools by the same financial-services company; a tutorial or planned pilot is insufficient. Return one canonical operating-company domain per corporate group.,"[{""id"": ""requirements"", ""description"": ""Find financial-services companies that publicly describe Snowflake and dbt operating together in their production analytics stack. Acceptance interpretation: Require affirmative production use of both tools by the same financial-services company; a tutorial or planned pilot is insufficient. Return one canonical operating-company domain per corporate group."", ""evidence_types"": [""public_text""]}]","{""op"": ""condition"", ""condition_id"": ""requirements"", ""children"": []}",One corporate group; brands and subsidiaries of that group receive one credit.,Engineering architecture or vendor case study describing the joined data workflow.,"[""public_text""]",Public evidence may be incomplete; absence of evidence is unknown.,unknown,unverified,A consulting company describing its client stack is not the end customer.,"Data observability, governance and analytics services.",source_inspired,"[""C01"", ""C02""]","[""https://www.clay.com/guides/what-is-technographic-data"", ""https://www.clay.com/customers/intercom""]",,AND,public_web,2.0.0,technographic
CSB-130,105,"Find biotechnology or pharmaceutical companies that publicly document Databricks use for drug discovery or clinical research, rather than only marketing or finance analytics.",Technographics,L3,Healthcare and life sciences,Global,global,unconstrained,unconstrained,"[""technology_usage"", ""functional_use_case""]",[],"[""technographic""]",current,"Verify company sector, Databricks deployment and drug-discovery or clinical-research application; generic vendor customer logos are insufficient. Return one canonical operating-company domain per corporate group.","[{""id"": ""requirements"", ""description"": ""Find biotechnology or pharmaceutical companies that publicly document Databricks use for drug discovery or clinical research, rather than only marketing or finance analytics. Acceptance interpretation: Verify company sector, Databricks deployment and drug-discovery or clinical-research application; generic vendor customer logos are insufficient. Return one canonical operating-company domain per corporate group."", ""evidence_types"": [""public_text""]}]","{""op"": ""condition"", ""condition_id"": ""requirements"", ""children"": []}",One corporate group; brands and subsidiaries of that group receive one credit.,Named production/research deployment with scientific use case.,"[""public_text""]",Public evidence may be incomplete; absence of evidence is unknown.,unknown,unverified,A general data platform deployment does not prove scientific use.,Scientific data infrastructure and governance.,original,"[""C01""]","[""https://www.clay.com/guides/what-is-technographic-data""]",,AND_NOT,public_web,2.0.0,technographic
CSB-131,106,Find software companies that use Kubernetes to operate their own paid SaaS product and publish an engineering account of that deployment. Exclude businesses only selling Kubernetes consulting.,Technographics,L3,Software,Global,global,unconstrained,SaaS,"[""technology_usage"", ""business_model"", ""exclusion""]",[],"[""technographic""]",current,Require explicit Kubernetes operation of the candidate’s own SaaS; consultancies qualify only if they independently sell and operate such a product. Return one canonical operating-company domain per corporate group.,"[{""id"": ""requirements"", ""description"": ""Find software companies that use Kubernetes to operate their own paid SaaS product and publish an engineering account of that deployment. Exclude businesses only selling Kubernetes consulting. Acceptance interpretation: Require explicit Kubernetes operation of the candidate’s own SaaS; consultancies qualify only if they independently sell and operate such a product. Return one canonical operating-company domain per corporate group."", ""evidence_types"": [""public_text""]}]","{""op"": ""condition"", ""condition_id"": ""requirements"", ""children"": []}",One corporate group; brands and subsidiaries of that group receive one credit.,Paid SaaS product and company engineering deployment account.,"[""public_text""]",Public evidence may be incomplete; absence of evidence is unknown.,unknown,unverified,Kubernetes expertise in job ads does not establish production use.,"Infrastructure cost, observability and cluster management.",original,"[""C01""]","[""https://www.clay.com/guides/what-is-technographic-data""]",,AND_NOT,public_web,2.0.0,technographic
CSB-132,107,Find corporate healthcare provider organizations operating in the United States that currently use Epic and offer patients a MyChart portal on an organization-controlled domain or linked official portal. Exclude operators that are government agencies.,Stack combinations,L3,Healthcare and life sciences,United States,operations,unconstrained,Healthcare provider,"[""operating_country"", ""ehr_usage"", ""customer_portal"", ""technology_usage""]",[],"[""technographic"", ""time_sensitive""]",current,"Verify corporate care-provider identity, US care operations, Epic use and an active officially linked MyChart portal. Nonprofit corporate providers may qualify; government-agency operators do not. Aggregate facilities under the provider operating group.","[{""id"": ""requirements"", ""description"": ""Find corporate healthcare provider organizations operating in the United States that currently use Epic and offer patients a MyChart portal on an organization-controlled domain or linked official portal. Exclude operators that are government agencies. Acceptance interpretation: Verify corporate care-provider identity, US care operations, Epic use and an active officially linked MyChart portal. Nonprofit corporate providers may qualify; government-agency operators do not. Aggregate facilities under the provider operating group."", ""evidence_types"": [""public_text""]}]","{""op"": ""condition"", ""condition_id"": ""requirements"", ""children"": []}",One independently operating company; do not merge distinct subsidiaries solely because they share a parent.,Provider locations and official patient portal plus Epic attribution.,"[""public_text""]",Public evidence may be incomplete; absence of evidence is unknown.,unknown,unverified,An unrelated local physician affiliate may use a different EHR.,Patient engagement and Epic integration vendors.,original,"[""C01""]","[""https://www.clay.com/guides/what-is-technographic-data""]",,AND,public_web,2.0.0,technographic
CSB-133,108,Find companies that publicly announced a migration from SAP ECC to SAP S/4HANA within the last 365 days and still describe that migration as in progress as of the run date.,Technology migration,L4,Cross-industry,Global,global,unconstrained,unconstrained,"[""source_technology"", ""destination_technology"", ""project_status""]","[""technology_migration""]","[""technographic"", ""time_sensitive""]",last_365_days,"Both named products and the announcement window must match; require affirmative ongoing status, not simply absence of a completion announcement. Return one canonical operating-company domain per corporate group.","[{""id"": ""requirements"", ""description"": ""Find companies that publicly announced a migration from SAP ECC to SAP S/4HANA within the last 365 days and still describe that migration as in progress as of the run date. Acceptance interpretation: Both named products and the announcement window must match; require affirmative ongoing status, not simply absence of a completion announcement. Return one canonical operating-company domain per corporate group."", ""evidence_types"": [""public_text""]}]","{""op"": ""condition"", ""condition_id"": ""requirements"", ""children"": []}",One corporate group; brands and subsidiaries of that group receive one credit.,Dated migration announcement and most recent project-status evidence.,"[""public_text""]",Public evidence may be incomplete; absence of evidence is unknown.,unknown,unverified,An old roadmap is not evidence that a project remains active.,ERP migration and change-management services.,original,"[""C01""]","[""https://www.clay.com/guides/what-is-technographic-data""]",,JOIN,public_web,2.0.0,technographic
CSB-134,109,"Find online retailers that completed a move from Adobe Commerce or Magento to Shopify within the last 365 days, with a public account identifying both the old and new platforms.",Technology migration,L3,Retail and consumer goods,Global,global,unconstrained,E-commerce,"[""source_technology"", ""destination_technology"", ""completion_date""]","[""technology_migration""]","[""technographic"", ""time_sensitive""]",last_365_days,Require completion date in window and explicit old-to-new platform transition; an agency service page is insufficient. Return one canonical operating-company domain per corporate group.,"[{""id"": ""requirements"", ""description"": ""Find online retailers that completed a move from Adobe Commerce or Magento to Shopify within the last 365 days, with a public account identifying both the old and new platforms. Acceptance interpretation: Require completion date in window and explicit old-to-new platform transition; an agency service page is insufficient. Return one canonical operating-company domain per corporate group."", ""evidence_types"": [""public_text""]}]","{""op"": ""condition"", ""condition_id"": ""requirements"", ""children"": []}",One corporate group; brands and subsidiaries of that group receive one credit.,Dated migration case study and active Shopify store.,"[""public_text""]",Public evidence may be incomplete; absence of evidence is unknown.,unknown,unverified,Case-study publication date can differ from migration completion.,"Post-migration optimization, retention and commerce apps.",original,"[""C01"", ""C04""]","[""https://www.clay.com/guides/what-is-technographic-data"", ""https://origami.chat/products/ai-research-agents""]",,SEQUENCE,public_web,2.0.0,technographic
CSB-135,110,Find B2B companies that completed a replacement of Salesforce CRM with HubSpot CRM within the last 365 days and publicly documented both the previous and replacement CRM.,Technology migration,L3,Cross-industry,Global,global,unconstrained,B2B,"[""business_model"", ""source_technology"", ""destination_technology""]","[""technology_migration""]","[""technographic"", ""time_sensitive""]",last_365_days,"Require CRM replacement, both vendors, B2B model and transition in window; adding HubSpot marketing alongside Salesforce does not qualify. Return one canonical operating-company domain per corporate group.","[{""id"": ""requirements"", ""description"": ""Find B2B companies that completed a replacement of Salesforce CRM with HubSpot CRM within the last 365 days and publicly documented both the previous and replacement CRM. Acceptance interpretation: Require CRM replacement, both vendors, B2B model and transition in window; adding HubSpot marketing alongside Salesforce does not qualify. Return one canonical operating-company domain per corporate group."", ""evidence_types"": [""public_text""]}]","{""op"": ""condition"", ""condition_id"": ""requirements"", ""children"": []}",One corporate group; brands and subsidiaries of that group receive one credit.,Named company transition account with effective migration date.,"[""public_text""]",Public evidence may be incomplete; absence of evidence is unknown.,unknown,unverified,Salesforce and HubSpot can coexist without CRM replacement.,"HubSpot onboarding, RevOps and data migration services.",original,"[""C01"", ""C15""]","[""https://www.clay.com/guides/what-is-technographic-data"", ""https://www.reddit.com/r/agency/comments/1uclxd0/how_would_you_build_the_data_layer_for_cold/""]",,SEQUENCE,public_web,2.0.0,technographic
CSB-136,111,"Find companies that publicly announced a VMware exit program in the last 365 days, identify the replacement infrastructure, and have a dated update showing at least one production workload migrated while the wider program remains underway.",Technology migration,L4,Cross-industry,Global,global,unconstrained,unconstrained,"[""source_technology"", ""destination_technology"", ""project_status""]","[""technology_migration"", ""project_milestone""]","[""technographic"", ""time_sensitive""]",last_365_days,"Require a named replacement, windowed exit announcement and affirmative partial completion with ongoing wider program; complete exits or mere evaluations fail. Return one canonical operating-company domain per corporate group.","[{""id"": ""requirements"", ""description"": ""Find companies that publicly announced a VMware exit program in the last 365 days, identify the replacement infrastructure, and have a dated update showing at least one production workload migrated while the wider program remains underway. Acceptance interpretation: Require a named replacement, windowed exit announcement and affirmative partial completion with ongoing wider program; complete exits or mere evaluations fail. Return one canonical operating-company domain per corporate group."", ""evidence_types"": [""public_text""]}]","{""op"": ""condition"", ""condition_id"": ""requirements"", ""children"": []}",One corporate group; brands and subsidiaries of that group receive one credit.,Program announcement and later production migration/status update.,"[""public_text""]",Public evidence may be incomplete; absence of evidence is unknown.,unknown,unverified,A general cloud strategy may never involve VMware replacement.,Migration tooling and infrastructure transition services.,original,"[""C01""]","[""https://www.clay.com/guides/what-is-technographic-data""]",,SEQUENCE,public_web,2.0.0,technographic
CSB-137,112,"Find companies that currently use Zendesk for support and published a public request for proposals to replace their customer-support platform within the last 90 days, with the submission deadline still open as of the run date.",Competitive replacement,L4,Cross-industry,Global,global,unconstrained,unconstrained,"[""installed_competitor"", ""public_rfp"", ""deadline""]","[""public_rfp"", ""replacement_intent""]","[""technographic"", ""time_sensitive""]",last_90_days,Require current Zendesk evidence and a support-platform replacement RFP published in window with future closing date; enhancement-only tenders do not qualify. Return one canonical operating-company domain per corporate group.,"[{""id"": ""requirements"", ""description"": ""Find companies that currently use Zendesk for support and published a public request for proposals to replace their customer-support platform within the last 90 days, with the submission deadline still open as of the run date. Acceptance interpretation: Require current Zendesk evidence and a support-platform replacement RFP published in window with future closing date; enhancement-only tenders do not qualify. Return one canonical operating-company domain per corporate group."", ""evidence_types"": [""public_text""]}]","{""op"": ""condition"", ""condition_id"": ""requirements"", ""children"": []}",One corporate group; brands and subsidiaries of that group receive one credit.,"Zendesk deployment, dated RFP, scope and closing date.","[""public_text""]",Public evidence may be incomplete; absence of evidence is unknown.,unknown,unverified,A support-services RFP may not replace the underlying software.,Support platform competitive displacement.,original,"[""C01""]","[""https://www.clay.com/guides/what-is-technographic-data""]",,JOIN,public_web,2.0.0,technographic
CSB-138,113,Find e-commerce companies using Shopify for checkout and Contentful to manage the content of the same headless storefront.,Stack combinations,L3,Retail and consumer goods,Global,global,unconstrained,E-commerce,"[""technology_combination"", ""architecture"", ""technology_usage""]",[],"[""technographic""]",current,"Require both technologies in the same production commerce implementation, with explicit headless architecture; unrelated marketing sites do not qualify. Return one canonical operating-company domain per corporate group.","[{""id"": ""requirements"", ""description"": ""Find e-commerce companies using Shopify for checkout and Contentful to manage the content of the same headless storefront. Acceptance interpretation: Require both technologies in the same production commerce implementation, with explicit headless architecture; unrelated marketing sites do not qualify. Return one canonical operating-company domain per corporate group."", ""evidence_types"": [""public_html"", ""public_text""]}]","{""op"": ""condition"", ""condition_id"": ""requirements"", ""children"": []}",One corporate group; brands and subsidiaries of that group receive one credit.,Architecture or implementation case study connecting the two products.,"[""public_html"", ""public_text""]",Website technology needs affirmative live HTML/script or official deployment evidence; a failed detector is unknown.,unknown,unverified,Two detected tools can serve unrelated sites within a group.,Headless commerce implementation and monitoring.,original,"[""C03""]","[""https://www.clay.com/templates/build-account-list-and-account-score-based-on-technographic-and-firmographic-data""]",,AND,public_web,2.0.0,technographic
CSB-139,114,Find restaurant operators with at least 10 currently operating locations in the United States and public evidence that Toast is their point-of-sale provider.,Technographics,L3,Hospitality and leisure,United States,operations,10+ locations,Restaurant operator,"[""operating_country"", ""location_count"", ""pos_usage"", ""technology_usage""]",[],"[""technographic"", ""time_sensitive""]",current,"Count operating United States locations for one operator and verify Toast POS at that operator; count the operator once, not each restaurant. Return one canonical operating-company domain per corporate group.","[{""id"": ""requirements"", ""description"": ""Find restaurant operators with at least 10 currently operating locations in the United States and public evidence that Toast is their point-of-sale provider. Acceptance interpretation: Count operating United States locations for one operator and verify Toast POS at that operator; count the operator once, not each restaurant. Return one canonical operating-company domain per corporate group."", ""evidence_types"": [""public_text""]}]","{""op"": ""condition"", ""condition_id"": ""requirements"", ""children"": []}",One corporate group; brands and subsidiaries of that group receive one credit.,Current locations directory and named Toast deployment.,"[""public_text""]",Public evidence may be incomplete; absence of evidence is unknown.,unknown,unverified,Franchise brand totals can exceed the candidate operator’s own footprint.,Restaurant reporting and Toast ecosystem integrations.,original,"[""C01""]","[""https://www.clay.com/guides/what-is-technographic-data""]",,AND,public_web,2.0.0,technographic
CSB-140,115,Find hotel management companies that operate at least five hotels and publicly document Oracle OPERA Cloud as their property management system at two or more named properties.,Technographics,L3,Hospitality and leisure,Global,global,5+ hotels,Hotel management,"[""location_count"", ""pms_usage"", ""deployment_count"", ""technology_usage""]",[],"[""technographic""]",current,Verify five current managed hotels and at least two current named OPERA Cloud installations under the same manager; return the management company. Return one canonical operating-company domain per corporate group.,"[{""id"": ""requirements"", ""description"": ""Find hotel management companies that operate at least five hotels and publicly document Oracle OPERA Cloud as their property management system at two or more named properties. Acceptance interpretation: Verify five current managed hotels and at least two current named OPERA Cloud installations under the same manager; return the management company. Return one canonical operating-company domain per corporate group."", ""evidence_types"": [""public_text""]}]","{""op"": ""condition"", ""condition_id"": ""requirements"", ""children"": []}",One corporate group; brands and subsidiaries of that group receive one credit.,Operating portfolio and property-level OPERA Cloud deployments.,"[""public_text""]",Public evidence may be incomplete; absence of evidence is unknown.,unknown,unverified,Property ownership does not establish the hotel’s operating manager.,Hotel integration and multi-property analytics vendors.,original,"[""C01""]","[""https://www.clay.com/guides/what-is-technographic-data""]",,AND,public_web,2.0.0,technographic
CSB-141,116,Find companies operating in both the United States and the United Kingdom that publicly identify Workday as their payroll system in both countries.,Technographics,L4,Cross-industry,United States; United Kingdom,operations,unconstrained,unconstrained,"[""operating_country"", ""payroll_usage"", ""country_coverage"", ""technology_usage""]",[],"[""technographic""]",current,Require actual Workday Payroll use in each country for the same group; Workday HCM use alone or a local third-party payroll connector is insufficient. Return one canonical operating-company domain per corporate group.,"[{""id"": ""requirements"", ""description"": ""Find companies operating in both the United States and the United Kingdom that publicly identify Workday as their payroll system in both countries. Acceptance interpretation: Require actual Workday Payroll use in each country for the same group; Workday HCM use alone or a local third-party payroll connector is insufficient. Return one canonical operating-company domain per corporate group."", ""evidence_types"": [""public_text""]}]","{""op"": ""condition"", ""condition_id"": ""requirements"", ""children"": []}",One corporate group; brands and subsidiaries of that group receive one credit.,Country operations plus country-specific Workday Payroll evidence.,"[""public_text""]",Public evidence may be incomplete; absence of evidence is unknown.,unknown,unverified,A global HCM implementation does not imply Workday runs local payroll.,Cross-border payroll integrations and reconciliation.,original,"[""C01""]","[""https://www.clay.com/guides/what-is-technographic-data""]",,JOIN,public_web,2.0.0,technographic
CSB-142,117,"Find companies whose public engineering materials describe both Snowflake and Google BigQuery in concurrent production use, with an explicit workflow that moves or queries data across the two.",Stack combinations,L4,Cross-industry,Global,global,unconstrained,unconstrained,"[""technology_combination"", ""cross_system_workflow"", ""technology_usage""]",[],"[""technographic"", ""time_sensitive""]",current,Require concurrent use and explicit inter-platform workflow; a completed migration from one to the other does not qualify. Return one canonical operating-company domain per corporate group.,"[{""id"": ""requirements"", ""description"": ""Find companies whose public engineering materials describe both Snowflake and Google BigQuery in concurrent production use, with an explicit workflow that moves or queries data across the two. Acceptance interpretation: Require concurrent use and explicit inter-platform workflow; a completed migration from one to the other does not qualify. Return one canonical operating-company domain per corporate group."", ""evidence_types"": [""public_text""]}]","{""op"": ""condition"", ""condition_id"": ""requirements"", ""children"": []}",One corporate group; brands and subsidiaries of that group receive one credit.,Architecture description linking both active platforms.,"[""public_text""]",Public evidence may be incomplete; absence of evidence is unknown.,unknown,unverified,Historical migration stories can look like a current dual-platform stack.,"Cross-cloud data movement, catalog and cost management.",original,"[""C01""]","[""https://www.clay.com/guides/what-is-technographic-data""]",,JOIN,public_web,2.0.0,technographic
CSB-143,118,Find AI software companies whose own managed product is available in both AWS and Microsoft Azure deployment regions and which publish a region list for each cloud.,Stack combinations,L3,Software,Global,global,unconstrained,AI SaaS,"[""cloud_platforms"", ""product_deployment"", ""ai_product""]",[],"[""ai_companies"", ""technographic""]",current,Require vendor-operated managed product availability on both clouds; customers being able to call an API from either cloud is insufficient. Return one canonical operating-company domain per corporate group.,"[{""id"": ""requirements"", ""description"": ""Find AI software companies whose own managed product is available in both AWS and Microsoft Azure deployment regions and which publish a region list for each cloud. Acceptance interpretation: Require vendor-operated managed product availability on both clouds; customers being able to call an API from either cloud is insufficient. Return one canonical operating-company domain per corporate group."", ""evidence_types"": [""public_text""]}]","{""op"": ""condition"", ""condition_id"": ""requirements"", ""children"": []}",One corporate group; brands and subsidiaries of that group receive one credit.,Product description and cloud-specific supported-region documentation.,"[""public_text""]",Public evidence may be incomplete; absence of evidence is unknown.,unknown,unverified,Customer connectivity is different from product hosting location.,Multi-cloud infrastructure and marketplace GTM.,original,"[""C06""]","[""https://www.autumn.ai/""]",,AND,public_web,2.0.0,technographic
CSB-144,119,Find companies with a public engineering post from the last 180 days explaining that they replaced Elasticsearch with a different named search engine because of cost or operational complexity.,Technology migration,L3,Cross-industry,Global,global,unconstrained,unconstrained,"[""source_technology"", ""replacement_reason"", ""source_date""]","[""technology_migration"", ""public_pain""]","[""technographic"", ""time_sensitive""]",last_180_days,"Post must be in window, describe the company’s actual replacement, and explicitly name cost or operations as a reason; benchmarking alternatives alone fails. Return one canonical operating-company domain per corporate group.","[{""id"": ""requirements"", ""description"": ""Find companies with a public engineering post from the last 180 days explaining that they replaced Elasticsearch with a different named search engine because of cost or operational complexity. Acceptance interpretation: Post must be in window, describe the company’s actual replacement, and explicitly name cost or operations as a reason; benchmarking alternatives alone fails. Return one canonical operating-company domain per corporate group."", ""evidence_types"": [""public_text""]}]","{""op"": ""condition"", ""condition_id"": ""requirements"", ""children"": []}",One corporate group; brands and subsidiaries of that group receive one credit.,Dated company engineering post identifying replacement and stated reason.,"[""public_text""]",Public evidence may be incomplete; absence of evidence is unknown.,unknown,unverified,An evaluation does not prove that a replacement occurred.,Search infrastructure and migration services.,original,"[""C01""]","[""https://www.clay.com/guides/what-is-technographic-data""]",,SEQUENCE,public_web,2.0.0,technographic
CSB-145,120,Find online retailers that publicly confirmed disabling their Meta advertising pixel in the last 180 days for privacy reasons and describe the alternative measurement approach they adopted.,Competitive replacement,L4,Retail and consumer goods,Global,global,unconstrained,E-commerce,"[""removed_technology"", ""replacement_approach"", ""stated_reason""]","[""technology_removal"", ""public_pain""]","[""technographic"", ""time_sensitive""]",last_180_days,Require affirmative pixel removal in window plus stated privacy reason and named alternative approach; failed pixel detection is not removal proof. Return one canonical operating-company domain per corporate group.,"[{""id"": ""requirements"", ""description"": ""Find online retailers that publicly confirmed disabling their Meta advertising pixel in the last 180 days for privacy reasons and describe the alternative measurement approach they adopted. Acceptance interpretation: Require affirmative pixel removal in window plus stated privacy reason and named alternative approach; failed pixel detection is not removal proof. Return one canonical operating-company domain per corporate group."", ""evidence_types"": [""public_text""]}]","{""op"": ""condition"", ""condition_id"": ""requirements"", ""children"": []}",One corporate group; brands and subsidiaries of that group receive one credit.,Dated first-party removal statement and alternative measurement description.,"[""public_text""]",Public evidence may be incomplete; absence of evidence is unknown.,unknown,unverified,A missing tracker can reflect consent settings or geography.,Privacy-preserving marketing measurement tools.,original,"[""C01"", ""C15""]","[""https://www.clay.com/guides/what-is-technographic-data"", ""https://www.reddit.com/r/agency/comments/1uclxd0/how_would_you_build_the_data_layer_for_cold/""]",,JOIN,public_web,2.0.0,technographic
CSB-146,121,Find B2B SaaS companies that offer a self-service free trial without a credit card and also offer a sales-assisted enterprise plan.,Product and business model,L2,Software,Global,global,unconstrained,B2B SaaS,"[""business_model"", ""free_trial"", ""enterprise_plan""]",[],[],current,"Verify B2B SaaS, no-card trial and enterprise sales path on current official pages; a demo request is not a self-service trial. Return one canonical operating-company domain per corporate group.","[{""id"": ""requirements"", ""description"": ""Find B2B SaaS companies that offer a self-service free trial without a credit card and also offer a sales-assisted enterprise plan. Acceptance interpretation: Verify B2B SaaS, no-card trial and enterprise sales path on current official pages; a demo request is not a self-service trial. Return one canonical operating-company domain per corporate group."", ""evidence_types"": [""public_text""]}]","{""op"": ""condition"", ""condition_id"": ""requirements"", ""children"": []}",One corporate group; brands and subsidiaries of that group receive one credit.,Current pricing/signup terms and enterprise sales call to action.,"[""public_text""]",Public evidence may be incomplete; absence of evidence is unknown.,unknown,unverified,A free plan and a time-limited trial are different offers.,PLG-to-enterprise conversion and lifecycle software.,source_inspired,"[""C02""]","[""https://www.clay.com/customers/intercom""]",,AND,public_web,2.0.0,semantic
CSB-147,122,Find developer-tool companies whose currently published pricing includes a paid usage-metered API and an ongoing free usage allowance that resets each billing period.,Product and business model,L2,Software,Global,global,unconstrained,Usage-based software,"[""developer_product"", ""api"", ""usage_pricing"", ""free_tier""]",[],"[""time_sensitive""]",current,"Require API-oriented developer tooling, a metered paid unit and a currently offered recurring free allowance. One-time trial credits do not qualify. No promise of unchanged future pricing is implied.","[{""id"": ""requirements"", ""description"": ""Find developer-tool companies whose currently published pricing includes a paid usage-metered API and an ongoing free usage allowance that resets each billing period. Acceptance interpretation: Require API-oriented developer tooling, a metered paid unit and a currently offered recurring free allowance. One-time trial credits do not qualify. No promise of unchanged future pricing is implied."", ""evidence_types"": [""public_text""]}]","{""op"": ""condition"", ""condition_id"": ""requirements"", ""children"": []}",One independently operating company; do not merge distinct subsidiaries solely because they share a parent.,"Current pricing, billable unit and free allowance documentation.","[""public_text""]",Public evidence may be incomplete; absence of evidence is unknown.,unknown,unverified,Credit grants can be temporary rather than a durable free tier.,"Usage billing, activation and developer growth tooling.",original,"[""C06""]","[""https://www.autumn.ai/""]",,AND,public_web,2.0.0,semantic
CSB-148,123,Find software companies that sell both a vendor-hosted cloud edition and a customer-operated self-hosted edition of the same product.,Product and business model,L2,Software,Global,global,unconstrained,Software,"[""deployment_model"", ""dual_offering""]",[],[],current,Both editions must be currently commercially available for the same product; private-cloud vendor hosting alone is not customer-operated hosting. Return one canonical operating-company domain per corporate group.,"[{""id"": ""requirements"", ""description"": ""Find software companies that sell both a vendor-hosted cloud edition and a customer-operated self-hosted edition of the same product. Acceptance interpretation: Both editions must be currently commercially available for the same product; private-cloud vendor hosting alone is not customer-operated hosting. Return one canonical operating-company domain per corporate group."", ""evidence_types"": [""public_text""]}]","{""op"": ""condition"", ""condition_id"": ""requirements"", ""children"": []}",One corporate group; brands and subsidiaries of that group receive one credit.,Official product deployment and purchasing documentation.,"[""public_text""]",Public evidence may be incomplete; absence of evidence is unknown.,unknown,unverified,An unsupported community fork may not be the vendor’s commercial self-hosted edition.,"Hybrid deployment support, licensing and observability.",original,"[""C08""]","[""https://www.autumn.ai/resources/articles/best-company-search-apis""]",,AND,public_web,2.0.0,semantic
CSB-149,124,Find commercial software companies that maintain an open-source core under an OSI-approved license and sell paid enterprise features for that same core product.,Product and business model,L3,Software,Global,global,unconstrained,Open-core software,"[""open_source"", ""license"", ""enterprise_features""]",[],[],current,"Verify core repository ownership, an OSI-approved license and paid same-product enterprise capabilities; source-available restrictions do not qualify. Return one canonical operating-company domain per corporate group.","[{""id"": ""requirements"", ""description"": ""Find commercial software companies that maintain an open-source core under an OSI-approved license and sell paid enterprise features for that same core product. Acceptance interpretation: Verify core repository ownership, an OSI-approved license and paid same-product enterprise capabilities; source-available restrictions do not qualify. Return one canonical operating-company domain per corporate group."", ""evidence_types"": [""public_text""]}]","{""op"": ""condition"", ""condition_id"": ""requirements"", ""children"": []}",One corporate group; brands and subsidiaries of that group receive one credit.,Official repository license and current enterprise feature/pricing comparison.,"[""public_text""]",Public evidence may be incomplete; absence of evidence is unknown.,unknown,unverified,Open code is not automatically open source.,Open-source commercial GTM and license management.,original,"[""C08""]","[""https://www.autumn.ai/resources/articles/best-company-search-apis""]",,AND,public_web,2.0.0,semantic
CSB-150,125,Find cybersecurity software vendors that offer both SAML single sign-on and SCIM user provisioning to customers on the same currently purchasable paid plan.,Product and business model,L2,Software,Global,global,unconstrained,B2B software,"[""product_capability"", ""identity_integration"", ""paid_plan""]",[],"[""time_sensitive""]",current,Both features must be available to product customers on the same documented purchasable plan. The vendor’s own internal identity stack is irrelevant.,"[{""id"": ""requirements"", ""description"": ""Find cybersecurity software vendors that offer both SAML single sign-on and SCIM user provisioning to customers on the same currently purchasable paid plan. Acceptance interpretation: Both features must be available to product customers on the same documented purchasable plan. The vendor’s own internal identity stack is irrelevant."", ""evidence_types"": [""public_text""]}]","{""op"": ""condition"", ""condition_id"": ""requirements"", ""children"": []}",One independently operating company; do not merge distinct subsidiaries solely because they share a parent.,Customer-facing SAML/SCIM documentation and plan eligibility.,"[""public_text""]",Public evidence may be incomplete; absence of evidence is unknown.,unknown,unverified,Internal Okta use does not prove customer-facing SAML or SCIM support.,Identity integration and enterprise-readiness tooling.,original,"[""C16""]","[""https://www.clay.com/integrations""]",,AND,public_web,2.0.0,semantic
CSB-151,126,Find B2B SaaS vendors whose public pricing explicitly charges an additional fee for customer access to single sign-on.,Product and business model,L2,Software,Global,global,unconstrained,B2B SaaS,"[""business_model"", ""pricing_policy"", ""sso""]",[],[],current,Require an explicit incremental SSO charge or explicit SSO-only paid upgrade; ambiguous enterprise bundles remain unknown. Return one canonical operating-company domain per corporate group.,"[{""id"": ""requirements"", ""description"": ""Find B2B SaaS vendors whose public pricing explicitly charges an additional fee for customer access to single sign-on. Acceptance interpretation: Require an explicit incremental SSO charge or explicit SSO-only paid upgrade; ambiguous enterprise bundles remain unknown. Return one canonical operating-company domain per corporate group."", ""evidence_types"": [""public_text""]}]","{""op"": ""condition"", ""condition_id"": ""requirements"", ""children"": []}",One corporate group; brands and subsidiaries of that group receive one credit.,Current official pricing matrix or SSO add-on terms.,"[""public_text""]",Public evidence may be incomplete; absence of evidence is unknown.,unknown,unverified,A higher plan with SSO and many other features does not isolate an SSO fee.,Competitive enterprise packaging and identity tooling.,original,"[""C08""]","[""https://www.autumn.ai/resources/articles/best-company-search-apis""]",,AND,public_web,2.0.0,semantic
CSB-152,127,Find vertical SaaS vendors for field-service businesses that sell scheduling software and offer integrated card payments to their customers.,Product and business model,L2,Software,Global,global,unconstrained,Vertical SaaS,"[""vertical_product"", ""product_capability"", ""embedded_payments""]",[],[],current,Require both capabilities for field-service business customers; taking payment for the software subscription is not embedded payments. Return one canonical operating-company domain per corporate group.,"[{""id"": ""requirements"", ""description"": ""Find vertical SaaS vendors for field-service businesses that sell scheduling software and offer integrated card payments to their customers. Acceptance interpretation: Require both capabilities for field-service business customers; taking payment for the software subscription is not embedded payments. Return one canonical operating-company domain per corporate group."", ""evidence_types"": [""public_text""]}]","{""op"": ""condition"", ""condition_id"": ""requirements"", ""children"": []}",One corporate group; brands and subsidiaries of that group receive one credit.,Product pages for scheduling and integrated payments.,"[""public_text""]",Public evidence may be incomplete; absence of evidence is unknown.,unknown,unverified,The SaaS vendor paying Stripe is different from enabling customer payments.,Embedded payments and fintech partnership sales.,original,"[""C16""]","[""https://www.clay.com/integrations""]",,AND,public_web,2.0.0,semantic
CSB-153,128,Find B2B marketplaces that let multiple independent sellers transact with business buyers and publicly describe a commission or transaction-fee revenue model.,Product and business model,L2,Retail and consumer goods,Global,global,unconstrained,B2B marketplace,"[""business_model"", ""customer_vertical""]",[],[],current,"Require third-party sellers, business purchasers and transaction-linked marketplace revenue; single-supplier wholesalers do not qualify. Return one canonical operating-company domain per corporate group.","[{""id"": ""requirements"", ""description"": ""Find B2B marketplaces that let multiple independent sellers transact with business buyers and publicly describe a commission or transaction-fee revenue model. Acceptance interpretation: Require third-party sellers, business purchasers and transaction-linked marketplace revenue; single-supplier wholesalers do not qualify. Return one canonical operating-company domain per corporate group."", ""evidence_types"": [""public_text""]}]","{""op"": ""condition"", ""condition_id"": ""requirements"", ""children"": []}",One corporate group; brands and subsidiaries of that group receive one credit.,Buyer/seller workflows and official fee or commission terms.,"[""public_text""]",Public evidence may be incomplete; absence of evidence is unknown.,unknown,unverified,A directory or lead broker may not enable marketplace transactions.,"Marketplace payments, risk and seller operations.",original,"[""C09""]","[""https://www.unifygtm.com/blog/series-a""]",,AND,public_web,2.0.0,semantic
CSB-154,129,Find consumer subscription businesses that sell physical goods and give customers a self-service online option to skip an upcoming shipment without cancelling the subscription.,Product and business model,L2,Retail and consumer goods,Global,global,unconstrained,Physical-goods subscription,"[""business_model"", ""physical_product"", ""self_service_capability""]",[],[],current,Require recurring physical-goods shipments and customer-controlled skipping; contacting support to pause does not satisfy self service. Return one canonical operating-company domain per corporate group.,"[{""id"": ""requirements"", ""description"": ""Find consumer subscription businesses that sell physical goods and give customers a self-service online option to skip an upcoming shipment without cancelling the subscription. Acceptance interpretation: Require recurring physical-goods shipments and customer-controlled skipping; contacting support to pause does not satisfy self service. Return one canonical operating-company domain per corporate group."", ""evidence_types"": [""public_text""]}]","{""op"": ""condition"", ""condition_id"": ""requirements"", ""children"": []}",One corporate group; brands and subsidiaries of that group receive one credit.,Subscription terms and documented skip-shipment workflow.,"[""public_text""]",Public evidence may be incomplete; absence of evidence is unknown.,unknown,unverified,Digital memberships and one-time replenishment reminders are not physical subscriptions.,Subscription retention and order management.,original,"[""C02""]","[""https://www.clay.com/customers/intercom""]",,AND,public_web,2.0.0,semantic
CSB-155,130,Find industrial equipment manufacturers that also sell remote equipment monitoring as a recurring paid service.,Product and business model,L2,Manufacturing,Global,global,unconstrained,Hardware plus recurring software,"[""product_category"", ""recurring_service"", ""iot""]",[],[],current,Require the candidate to manufacture equipment and charge recurrently for monitoring it; a free warranty portal is insufficient. Return one canonical operating-company domain per corporate group.,"[{""id"": ""requirements"", ""description"": ""Find industrial equipment manufacturers that also sell remote equipment monitoring as a recurring paid service. Acceptance interpretation: Require the candidate to manufacture equipment and charge recurrently for monitoring it; a free warranty portal is insufficient. Return one canonical operating-company domain per corporate group."", ""evidence_types"": [""public_text""]}]","{""op"": ""condition"", ""condition_id"": ""requirements"", ""children"": []}",One corporate group; brands and subsidiaries of that group receive one credit.,Manufacturer catalog and subscription/recurring monitoring service terms.,"[""public_text""]",Public evidence may be incomplete; absence of evidence is unknown.,unknown,unverified,An equipment reseller may not manufacture the underlying hardware.,"Industrial IoT billing, connectivity and channel partnerships.",original,"[""C11""]","[""https://websets.exa.ai/websets/landing""]",,AND,public_web,2.0.0,semantic
CSB-156,131,Find logistics companies that publish a customer-facing shipment-tracking API with API documentation accessible without signing in.,Product and business model,L2,Transportation and logistics,Global,global,unconstrained,Logistics services,"[""product_capability"", ""api"", ""public_documentation""]",[],[],current,Require shipment tracking for the company’s logistics customers and readable endpoint documentation; marketing claims of an API alone fail. Return one canonical operating-company domain per corporate group.,"[{""id"": ""requirements"", ""description"": ""Find logistics companies that publish a customer-facing shipment-tracking API with API documentation accessible without signing in. Acceptance interpretation: Require shipment tracking for the company’s logistics customers and readable endpoint documentation; marketing claims of an API alone fail. Return one canonical operating-company domain per corporate group."", ""evidence_types"": [""public_text""]}]","{""op"": ""condition"", ""condition_id"": ""requirements"", ""children"": []}",One corporate group; brands and subsidiaries of that group receive one credit.,Logistics service description and publicly readable shipment API docs.,"[""public_text""]",Public evidence may be incomplete; absence of evidence is unknown.,unknown,unverified,A tracking aggregator may not provide logistics services.,"Logistics integration, developer experience and API tooling.",original,"[""C16""]","[""https://www.clay.com/integrations""]",,AND,public_web,2.0.0,semantic
CSB-157,132,Find online education companies that sell directly to individual learners and also offer a documented bulk-license or team-training product to employers.,Product and business model,L2,Education and training,Global,global,unconstrained,B2C and B2B education,"[""customer_vertical"", ""business_model"", ""enterprise_product""]",[],[],current,Require both paid individual learning and a distinct employer purchase offering; education content alone does not establish either sales motion. Return one canonical operating-company domain per corporate group.,"[{""id"": ""requirements"", ""description"": ""Find online education companies that sell directly to individual learners and also offer a documented bulk-license or team-training product to employers. Acceptance interpretation: Require both paid individual learning and a distinct employer purchase offering; education content alone does not establish either sales motion. Return one canonical operating-company domain per corporate group."", ""evidence_types"": [""public_text""]}]","{""op"": ""condition"", ""condition_id"": ""requirements"", ""children"": []}",One corporate group; brands and subsidiaries of that group receive one credit.,Consumer purchase flow and employer/team offering.,"[""public_text""]",Public evidence may be incomplete; absence of evidence is unknown.,unknown,unverified,Schools buying for students are not employers training staff.,B2C-to-B2B expansion and learning platform partnerships.,original,"[""C09""]","[""https://www.unifygtm.com/blog/series-a""]",,AND,public_web,2.0.0,semantic
CSB-158,133,"Find B2B SaaS companies with 50–500 employees that publish both a customer login page and a public help center, and state that customers can contact support 24 hours a day, seven days a week.",Product and business model,L2,Software,Global,global,50–500 employees,B2B SaaS,"[""employee_count"", ""business_model"", ""website_attribute"", ""support_hours""]",[],[],current,Require all stated properties; an always-available chatbot alone does not establish 24/7 customer support unless explicitly advertised as that service. Return one canonical operating-company domain per corporate group.,"[{""id"": ""requirements"", ""description"": ""Find B2B SaaS companies with 50–500 employees that publish both a customer login page and a public help center, and state that customers can contact support 24 hours a day, seven days a week. Acceptance interpretation: Require all stated properties; an always-available chatbot alone does not establish 24/7 customer support unless explicitly advertised as that service. Return one canonical operating-company domain per corporate group."", ""evidence_types"": [""public_text""]}]","{""op"": ""condition"", ""condition_id"": ""requirements"", ""children"": []}",One corporate group; brands and subsidiaries of that group receive one credit.,"Headcount, login/help-center URLs and official support-hours promise.","[""public_text""]",Public evidence may be incomplete; absence of evidence is unknown.,unknown,unverified,A global website is not proof of round-the-clock support.,Support automation and knowledge-management tools.,source_inspired,"[""C02""]","[""https://www.clay.com/customers/intercom""]",,AND,public_web,2.0.0,semantic
CSB-159,134,Find accounting firms that offer a publicly priced fixed monthly outsourced finance package including bookkeeping and management reporting.,Product and business model,L2,Professional and business services,Global,global,unconstrained,Recurring professional services,"[""pricing_model"", ""service_bundle""]",[],[],current,Require a recurring fixed published price and both named services; a starting hourly rate or request-a-quote page is insufficient. Return one canonical operating-company domain per corporate group.,"[{""id"": ""requirements"", ""description"": ""Find accounting firms that offer a publicly priced fixed monthly outsourced finance package including bookkeeping and management reporting. Acceptance interpretation: Require a recurring fixed published price and both named services; a starting hourly rate or request-a-quote page is insufficient. Return one canonical operating-company domain per corporate group."", ""evidence_types"": [""public_text""]}]","{""op"": ""condition"", ""condition_id"": ""requirements"", ""children"": []}",One corporate group; brands and subsidiaries of that group receive one credit.,Current official package price and included-service description.,"[""public_text""]",Public evidence may be incomplete; absence of evidence is unknown.,unknown,unverified,Software subscriptions can be mistaken for outsourced accounting services.,"Practice management, automation and referral partnerships.",original,"[""C05""]","[""https://origami.chat/blog/building-prospect-lists-with-ai""]",,AND,public_web,2.0.0,semantic
CSB-160,135,Find software vendors that document an officially supported MCP server customers can use to read from and take actions in their product.,Product and business model,L3,Software,Global,global,unconstrained,Software,"[""product_capability"", ""developer_protocol"", ""write_actions""]",[],[],current,Require a vendor-supported Model Context Protocol server with at least one documented read tool and one mutating tool; third-party experiments do not qualify. Return one canonical operating-company domain per corporate group.,"[{""id"": ""requirements"", ""description"": ""Find software vendors that document an officially supported MCP server customers can use to read from and take actions in their product. Acceptance interpretation: Require a vendor-supported Model Context Protocol server with at least one documented read tool and one mutating tool; third-party experiments do not qualify. Return one canonical operating-company domain per corporate group."", ""evidence_types"": [""public_text""]}]","{""op"": ""condition"", ""condition_id"": ""requirements"", ""children"": []}",One corporate group; brands and subsidiaries of that group receive one credit.,Official MCP documentation naming read and action tools.,"[""public_text""]",Public evidence may be incomplete; absence of evidence is unknown.,unknown,unverified,An llms.txt file is not an MCP server.,Agent integration infrastructure and MCP observability.,original,"[""C06"", ""C16""]","[""https://www.autumn.ai/"", ""https://www.clay.com/integrations""]",,AND,public_web,2.0.0,semantic
CSB-161,136,"Find HR software vendors that sell an employer-of-record service through their own contractual offering, rather than only referring customers to a separate EOR provider.",Product and business model,L3,Software,Global,global,unconstrained,Software plus services,"[""business_model"", ""contractual_relationship"", ""exclusion""]",[],[],current,"Require HR software plus EOR offered under the candidate’s own customer contract; underlying local partners are allowed, referral-only offers are excluded. Return one canonical operating-company domain per corporate group.","[{""id"": ""requirements"", ""description"": ""Find HR software vendors that sell an employer-of-record service through their own contractual offering, rather than only referring customers to a separate EOR provider. Acceptance interpretation: Require HR software plus EOR offered under the candidate’s own customer contract; underlying local partners are allowed, referral-only offers are excluded. Return one canonical operating-company domain per corporate group."", ""evidence_types"": [""public_text""]}]","{""op"": ""condition"", ""condition_id"": ""requirements"", ""children"": []}",One corporate group; brands and subsidiaries of that group receive one credit.,Service terms and contracting-party description for EOR offering.,"[""public_text""]",Public evidence may be incomplete; absence of evidence is unknown.,unknown,unverified,A partner logo is not proof that the vendor contracts to deliver EOR.,"Global employment, payroll and benefits ecosystem.",original,"[""C08""]","[""https://www.autumn.ai/resources/articles/best-company-search-apis""]",,AND_NOT,public_web,2.0.0,semantic
CSB-162,137,Find B2B software vendors that publish a service-level agreement promising at least 99.99% monthly uptime with service credits for the paid product.,Product and business model,L3,Software,Global,global,unconstrained,B2B software,"[""business_model"", ""sla_threshold"", ""service_credit""]",[],[],current,Require contractual monthly availability target of 99.99% or higher plus service credits; historical status-page uptime alone does not qualify. Return one canonical operating-company domain per corporate group.,"[{""id"": ""requirements"", ""description"": ""Find B2B software vendors that publish a service-level agreement promising at least 99.99% monthly uptime with service credits for the paid product. Acceptance interpretation: Require contractual monthly availability target of 99.99% or higher plus service credits; historical status-page uptime alone does not qualify. Return one canonical operating-company domain per corporate group."", ""evidence_types"": [""public_text""]}]","{""op"": ""condition"", ""condition_id"": ""requirements"", ""children"": []}",One corporate group; brands and subsidiaries of that group receive one credit.,"Current SLA, measurement period and credit terms.","[""public_text""]",Public evidence may be incomplete; absence of evidence is unknown.,unknown,unverified,Marketing availability claims may not be contractual SLAs.,Reliability engineering and enterprise infrastructure.,original,"[""C08""]","[""https://www.autumn.ai/resources/articles/best-company-search-apis""]",,AND,public_web,2.0.0,semantic
CSB-163,138,Find software vendors that offer a customer-selectable EU27 data-hosting region and explicitly state where product backups are stored.,Product and business model,L3,Software,EU27 hosting availability,operations,unconstrained,Software,"[""hosting_region"", ""backup_location"", ""product_capability""]",[],[],current,Require an EU27 region customers can select and a stated backup geography; capture whether backups remain in EU27 without assuming they do. Return one canonical operating-company domain per corporate group.,"[{""id"": ""requirements"", ""description"": ""Find software vendors that offer a customer-selectable EU27 data-hosting region and explicitly state where product backups are stored. Acceptance interpretation: Require an EU27 region customers can select and a stated backup geography; capture whether backups remain in EU27 without assuming they do. Return one canonical operating-company domain per corporate group."", ""evidence_types"": [""public_text""]}]","{""op"": ""condition"", ""condition_id"": ""requirements"", ""children"": []}",One corporate group; brands and subsidiaries of that group receive one credit.,Product hosting selection and backup-location documentation.,"[""public_text""]",Public evidence may be incomplete; absence of evidence is unknown.,unknown,unverified,A European office or GDPR statement does not prove EU hosting.,Data residency infrastructure and governance services.,original,"[""C08""]","[""https://www.autumn.ai/resources/articles/best-company-search-apis""]",,AND,public_web,2.0.0,semantic
CSB-164,139,Find payments companies that publish both card-present terminal products and an online payments API under the same brand.,Product and business model,L2,Financial services,Global,global,unconstrained,Payment services,"[""product_capability"", ""payment_channels""]",[],[],current,Require currently sold physical payment terminals and a documented online payment API from the same company; referral partnerships alone are insufficient. Return one canonical operating-company domain per corporate group.,"[{""id"": ""requirements"", ""description"": ""Find payments companies that publish both card-present terminal products and an online payments API under the same brand. Acceptance interpretation: Require currently sold physical payment terminals and a documented online payment API from the same company; referral partnerships alone are insufficient. Return one canonical operating-company domain per corporate group."", ""evidence_types"": [""public_text""]}]","{""op"": ""condition"", ""condition_id"": ""requirements"", ""children"": []}",One corporate group; brands and subsidiaries of that group receive one credit.,Terminal product catalog and online payments API documentation.,"[""public_text""]",Public evidence may be incomplete; absence of evidence is unknown.,unknown,unverified,A virtual terminal in a browser is not a card-present hardware terminal.,Omnichannel payment software and channel partnerships.,original,"[""C16""]","[""https://www.clay.com/integrations""]",,AND,public_web,2.0.0,semantic
CSB-165,140,Find customer-support software vendors that charge for an AI agent using successful resolutions or outcomes as a billing unit and publicly define which outcomes are billable.,Product and business model,L3,Software,Global,global,unconstrained,Outcome-priced SaaS,"[""ai_product"", ""pricing_unit"", ""billing_definition""]",[],"[""ai_companies""]",current,"Require support automation, outcome-based charges and a public definition; token-based or per-seat AI pricing alone fails. Return one canonical operating-company domain per corporate group.","[{""id"": ""requirements"", ""description"": ""Find customer-support software vendors that charge for an AI agent using successful resolutions or outcomes as a billing unit and publicly define which outcomes are billable. Acceptance interpretation: Require support automation, outcome-based charges and a public definition; token-based or per-seat AI pricing alone fails. Return one canonical operating-company domain per corporate group."", ""evidence_types"": [""public_text""]}]","{""op"": ""condition"", ""condition_id"": ""requirements"", ""children"": []}",One corporate group; brands and subsidiaries of that group receive one credit.,Current AI pricing and billable-resolution/outcome definition.,"[""public_text""]",Public evidence may be incomplete; absence of evidence is unknown.,unknown,unverified,A marketing promise to improve outcomes is not outcome-based pricing.,"AI billing, evaluation and support ecosystem research.",original,"[""C02""]","[""https://www.clay.com/customers/intercom""]",,AND,public_web,2.0.0,semantic
CSB-166,141,Find companies similar to Stripe in these specific ways: they offer online payment processing APIs for merchants and tools for platforms to onboard third-party sellers and split payouts. Exclude Stripe and its subsidiaries.,Lookalikes,L3,Financial services,Global,global,unconstrained,Payment infrastructure,"[""reference_company"", ""product_similarity"", ""platform_payments"", ""exclusion""]",[],[],current,"Both payment processing and seller onboarding/split-payout capabilities are required; similarity in branding, funding or industry alone is insufficient. Return one canonical operating-company domain per corporate group.","[{""id"": ""requirements"", ""description"": ""Find companies similar to Stripe in these specific ways: they offer online payment processing APIs for merchants and tools for platforms to onboard third-party sellers and split payouts. Exclude Stripe and its subsidiaries. Acceptance interpretation: Both payment processing and seller onboarding/split-payout capabilities are required; similarity in branding, funding or industry alone is insufficient. Return one canonical operating-company domain per corporate group."", ""evidence_types"": [""public_text""]}]","{""op"": ""condition"", ""condition_id"": ""requirements"", ""children"": []}",One corporate group; brands and subsidiaries of that group receive one credit.,API and platform-payment documentation plus entity ownership.,"[""public_text""]",Public evidence may be incomplete; absence of evidence is unknown.,unknown,unverified,Billing-only vendors do not necessarily process or split payments.,Payments ecosystem TAM and competitive positioning.,source_inspired,"[""C10"", ""C11"", ""C17""]","[""https://eoy.unifygtm.com/"", ""https://websets.exa.ai/websets/landing"", ""https://stripe.com/""]",,AND_NOT,public_web,2.0.0,ecosystem
CSB-167,142,"Find companies similar to Shopify in offering a hosted online-store builder, merchant checkout and an app ecosystem for third-party developers. Exclude Shopify and its subsidiaries.",Lookalikes,L2,Software,Global,global,unconstrained,Commerce SaaS,"[""reference_company"", ""product_similarity"", ""developer_ecosystem"", ""exclusion""]",[],[],current,Require all three capabilities in a commercial hosted platform; agencies implementing another vendor’s platform do not qualify. Return one canonical operating-company domain per corporate group.,"[{""id"": ""requirements"", ""description"": ""Find companies similar to Shopify in offering a hosted online-store builder, merchant checkout and an app ecosystem for third-party developers. Exclude Shopify and its subsidiaries. Acceptance interpretation: Require all three capabilities in a commercial hosted platform; agencies implementing another vendor’s platform do not qualify. Return one canonical operating-company domain per corporate group."", ""evidence_types"": [""public_text""]}]","{""op"": ""condition"", ""condition_id"": ""requirements"", ""children"": []}",One corporate group; brands and subsidiaries of that group receive one credit.,"Storebuilder, checkout and app directory/developer documentation.","[""public_text""]",Public evidence may be incomplete; absence of evidence is unknown.,unknown,unverified,An integration list is not necessarily an extensible app ecosystem.,Commerce app vendors expanding to adjacent platforms.,source_inspired,"[""C10"", ""C11"", ""C18""]","[""https://eoy.unifygtm.com/"", ""https://websets.exa.ai/websets/landing"", ""https://www.shopify.com/""]",,AND_NOT,public_web,2.0.0,ecosystem
CSB-168,143,"Find companies similar to Rippling in selling a connected suite with payroll, employee records and employee device management. Require all three capabilities, and exclude Rippling and its subsidiaries.",Lookalikes,L3,Software,Global,global,unconstrained,B2B software suite,"[""reference_company"", ""suite_capabilities"", ""exclusion""]",[],[],current,"Verify native or commercially integrated payroll, employee records and device management linked through the suite; a loose referral directory is insufficient. Return one canonical operating-company domain per corporate group.","[{""id"": ""requirements"", ""description"": ""Find companies similar to Rippling in selling a connected suite with payroll, employee records and employee device management. Require all three capabilities, and exclude Rippling and its subsidiaries. Acceptance interpretation: Verify native or commercially integrated payroll, employee records and device management linked through the suite; a loose referral directory is insufficient. Return one canonical operating-company domain per corporate group."", ""evidence_types"": [""public_text""]}]","{""op"": ""condition"", ""condition_id"": ""requirements"", ""children"": []}",One corporate group; brands and subsidiaries of that group receive one credit.,Official module documentation and cross-suite employee data/workflow description.,"[""public_text""]",Public evidence may be incomplete; absence of evidence is unknown.,unknown,unverified,HR onboarding checklists do not establish device-management functionality.,Workforce platform integrations and competitive account mapping.,source_inspired,"[""C10"", ""C19""]","[""https://eoy.unifygtm.com/"", ""https://www.rippling.com/products""]",,AND_NOT,public_web,2.0.0,ecosystem
CSB-169,144,"Find companies similar to Toast in providing restaurant point-of-sale software, payment processing and restaurant online ordering in one commercial offering. Exclude Toast and its subsidiaries.",Lookalikes,L2,Software,Global,global,unconstrained,Restaurant technology,"[""reference_company"", ""vertical_product"", ""suite_capabilities"", ""exclusion""]",[],[],current,Require all three features offered to restaurant operators; general-purpose retail POS without restaurant functionality fails. Return one canonical operating-company domain per corporate group.,"[{""id"": ""requirements"", ""description"": ""Find companies similar to Toast in providing restaurant point-of-sale software, payment processing and restaurant online ordering in one commercial offering. Exclude Toast and its subsidiaries. Acceptance interpretation: Require all three features offered to restaurant operators; general-purpose retail POS without restaurant functionality fails. Return one canonical operating-company domain per corporate group."", ""evidence_types"": [""public_text""]}]","{""op"": ""condition"", ""condition_id"": ""requirements"", ""children"": []}",One corporate group; brands and subsidiaries of that group receive one credit.,Restaurant product pages and payment/online-ordering offering.,"[""public_text""]",Public evidence may be incomplete; absence of evidence is unknown.,unknown,unverified,A delivery marketplace may not provide the restaurant’s point of sale.,Restaurant software ecosystem partnerships.,source_inspired,"[""C10"", ""C11"", ""C20""]","[""https://eoy.unifygtm.com/"", ""https://websets.exa.ai/websets/landing"", ""https://pos.toasttab.com/""]",,AND_NOT,public_web,2.0.0,ecosystem
CSB-170,145,Find companies similar to Snowflake specifically in offering a managed cloud data warehouse with SQL analytics and separately scalable storage and compute. Exclude Snowflake and its subsidiaries.,Lookalikes,L3,Software,Global,global,unconstrained,Managed data platform,"[""reference_company"", ""architecture"", ""deployment_model"", ""exclusion""]",[],[],current,Require all stated warehouse and architecture features; self-hosted engines and data visualization tools alone do not qualify. Return one canonical operating-company domain per corporate group.,"[{""id"": ""requirements"", ""description"": ""Find companies similar to Snowflake specifically in offering a managed cloud data warehouse with SQL analytics and separately scalable storage and compute. Exclude Snowflake and its subsidiaries. Acceptance interpretation: Require all stated warehouse and architecture features; self-hosted engines and data visualization tools alone do not qualify. Return one canonical operating-company domain per corporate group."", ""evidence_types"": [""public_text""]}]","{""op"": ""condition"", ""condition_id"": ""requirements"", ""children"": []}",One corporate group; brands and subsidiaries of that group receive one credit.,Product architecture and managed-service documentation.,"[""public_text""]",Public evidence may be incomplete; absence of evidence is unknown.,unknown,unverified,Using cloud object storage does not by itself prove independent compute scaling.,Data infrastructure ecosystem and competitor mapping.,source_inspired,"[""C10"", ""C11"", ""C21""]","[""https://eoy.unifygtm.com/"", ""https://websets.exa.ai/websets/landing"", ""https://docs.snowflake.com/en/user-guide/intro-key-concepts""]",,AND_NOT,public_web,2.0.0,ecosystem
CSB-171,146,"Find companies similar to Samsara specifically in providing fleet GPS telematics, connected vehicle cameras and cloud fleet-management software to commercial vehicle operators. Exclude Samsara and its subsidiaries.",Lookalikes,L2,Software,Global,global,unconstrained,Connected hardware and software,"[""reference_company"", ""hardware_software"", ""product_capability"", ""exclusion""]",[],[],current,Require all three capabilities marketed to commercial fleets; consumer dashcams or standalone tracking devices fail. Return one canonical operating-company domain per corporate group.,"[{""id"": ""requirements"", ""description"": ""Find companies similar to Samsara specifically in providing fleet GPS telematics, connected vehicle cameras and cloud fleet-management software to commercial vehicle operators. Exclude Samsara and its subsidiaries. Acceptance interpretation: Require all three capabilities marketed to commercial fleets; consumer dashcams or standalone tracking devices fail. Return one canonical operating-company domain per corporate group."", ""evidence_types"": [""public_text""]}]","{""op"": ""condition"", ""condition_id"": ""requirements"", ""children"": []}",One corporate group; brands and subsidiaries of that group receive one credit.,"Fleet offering with GPS, camera hardware and management software.","[""public_text""]",Public evidence may be incomplete; absence of evidence is unknown.,unknown,unverified,Camera resale without an integrated cloud platform is a weak lookalike.,"Fleet software, hardware and connectivity channel expansion.",source_inspired,"[""C10"", ""C11"", ""C22""]","[""https://eoy.unifygtm.com/"", ""https://websets.exa.ai/websets/landing"", ""https://www.samsara.com/""]",,AND_NOT,public_web,2.0.0,ecosystem
CSB-172,147,"Find companies similar to Canva in offering browser-based template design, collaborative editing and brand-management controls for business teams. Exclude Canva and its subsidiaries.",Lookalikes,L2,Software,Global,global,unconstrained,Design SaaS,"[""reference_company"", ""product_capability"", ""customer_vertical"", ""exclusion""]",[],[],current,Require all three capabilities in the company’s own software; design agencies and stock-image-only libraries do not qualify. Return one canonical operating-company domain per corporate group.,"[{""id"": ""requirements"", ""description"": ""Find companies similar to Canva in offering browser-based template design, collaborative editing and brand-management controls for business teams. Exclude Canva and its subsidiaries. Acceptance interpretation: Require all three capabilities in the company’s own software; design agencies and stock-image-only libraries do not qualify. Return one canonical operating-company domain per corporate group."", ""evidence_types"": [""public_text""]}]","{""op"": ""condition"", ""condition_id"": ""requirements"", ""children"": []}",One corporate group; brands and subsidiaries of that group receive one credit.,"Current editor, collaboration and brand control documentation.","[""public_text""]",Public evidence may be incomplete; absence of evidence is unknown.,unknown,unverified,Sharing a finished image is not collaborative editing.,"Design workflow, asset management and team productivity integrations.",source_inspired,"[""C10"", ""C11"", ""C23""]","[""https://eoy.unifygtm.com/"", ""https://websets.exa.ai/websets/landing"", ""https://www.canva.com/""]",,AND_NOT,public_web,2.0.0,ecosystem
CSB-173,148,"Find companies similar to Webflow in offering a visual website builder with an integrated content-management system and vendor-managed hosting, plus an agency partner program. Exclude Webflow and its subsidiaries.",Lookalikes,L3,Software,Global,global,unconstrained,Website SaaS,"[""reference_company"", ""product_capability"", ""partner_program"", ""exclusion""]",[],[],current,Require all product capabilities and a real agency program; agencies building sites for clients are not candidate platforms. Return one canonical operating-company domain per corporate group.,"[{""id"": ""requirements"", ""description"": ""Find companies similar to Webflow in offering a visual website builder with an integrated content-management system and vendor-managed hosting, plus an agency partner program. Exclude Webflow and its subsidiaries. Acceptance interpretation: Require all product capabilities and a real agency program; agencies building sites for clients are not candidate platforms. Return one canonical operating-company domain per corporate group."", ""evidence_types"": [""public_text""]}]","{""op"": ""condition"", ""condition_id"": ""requirements"", ""children"": []}",One corporate group; brands and subsidiaries of that group receive one credit.,Builder/CMS/hosting docs and official agency program.,"[""public_text""]",Public evidence may be incomplete; absence of evidence is unknown.,unknown,unverified,A template affiliate program alone may not be an agency partner program.,Agency ecosystem tools and website platform partnerships.,source_inspired,"[""C10"", ""C16"", ""C24""]","[""https://eoy.unifygtm.com/"", ""https://www.clay.com/integrations"", ""https://webflow.com/""]",,AND_NOT,public_web,2.0.0,ecosystem
CSB-174,149,"Find companies similar to Ramp specifically in combining corporate payment cards, employee expense management and accounts-payable bill payments for business customers. Exclude Ramp and its subsidiaries.",Lookalikes,L2,Financial services,Global,global,unconstrained,B2B financial technology,"[""reference_company"", ""suite_capabilities"", ""customer_vertical"", ""exclusion""]",[],[],current,Require all three business offerings under the candidate’s commercial platform; personal budgeting apps and card-only issuers fail. Return one canonical operating-company domain per corporate group.,"[{""id"": ""requirements"", ""description"": ""Find companies similar to Ramp specifically in combining corporate payment cards, employee expense management and accounts-payable bill payments for business customers. Exclude Ramp and its subsidiaries. Acceptance interpretation: Require all three business offerings under the candidate’s commercial platform; personal budgeting apps and card-only issuers fail. Return one canonical operating-company domain per corporate group."", ""evidence_types"": [""public_text""]}]","{""op"": ""condition"", ""condition_id"": ""requirements"", ""children"": []}",One corporate group; brands and subsidiaries of that group receive one credit.,"Corporate card, expense and bill-pay product documentation.","[""public_text""]",Public evidence may be incomplete; absence of evidence is unknown.,unknown,unverified,Reimbursing expenses is not the same as accounts-payable bill payment.,Spend-management integrations and finance ecosystem sales.,source_inspired,"[""C10"", ""C11"", ""C25""]","[""https://eoy.unifygtm.com/"", ""https://websets.exa.ai/websets/landing"", ""https://ramp.com/""]",,AND_NOT,public_web,2.0.0,ecosystem
CSB-175,150,"Find companies similar to Deel that sell both employer-of-record services and contractor payments, with both services available in at least 20 of the same countries. Exclude Deel and its subsidiaries.",Lookalikes,L3,Professional and business services,Global,global,20+ countries shared by both services,Global workforce services,"[""reference_company"", ""service_offering"", ""country_count"", ""exclusion""]",[],[],current,Require both services under the candidate’s commercial offering and at least 20 countries in the intersection of their published coverage lists. Exclude Deel and subsidiaries; return one company account.,"[{""id"": ""requirements"", ""description"": ""Find companies similar to Deel that sell both employer-of-record services and contractor payments, with both services available in at least 20 of the same countries. Exclude Deel and its subsidiaries. Acceptance interpretation: Require both services under the candidate’s commercial offering and at least 20 countries in the intersection of their published coverage lists. Exclude Deel and subsidiaries; return one company account."", ""evidence_types"": [""public_text""]}]","{""op"": ""condition"", ""condition_id"": ""requirements"", ""children"": []}",One independently operating company; do not merge distinct subsidiaries solely because they share a parent.,EOR and contractor payment country-coverage tables.,"[""public_text""]",Public evidence may be incomplete; absence of evidence is unknown.,unknown,unverified,A headline global country count may apply to only one service.,Global employment partner and competitive market mapping.,source_inspired,"[""C10"", ""C11"", ""C26""]","[""https://eoy.unifygtm.com/"", ""https://websets.exa.ai/websets/landing"", ""https://www.deel.com/en-gb/solutions/payroll/contractors/""]",,AND_NOT,public_web,2.0.0,ecosystem
CSB-176,151,Find software vendors that currently publish an official native Salesforce integration and an official native HubSpot integration for their own product.,Ecosystem and partners,L2,Software,Global,global,unconstrained,Software,"[""integration_combination"", ""native_integration""]",[],"[""time_sensitive""]",current,Both must be vendor-supported product integrations; workflows available only through Zapier or custom APIs do not qualify as native. Return one canonical operating-company domain per corporate group.,"[{""id"": ""requirements"", ""description"": ""Find software vendors that currently publish an official native Salesforce integration and an official native HubSpot integration for their own product. Acceptance interpretation: Both must be vendor-supported product integrations; workflows available only through Zapier or custom APIs do not qualify as native. Return one canonical operating-company domain per corporate group."", ""evidence_types"": [""public_text""]}]","{""op"": ""condition"", ""condition_id"": ""requirements"", ""children"": []}",One corporate group; brands and subsidiaries of that group receive one credit.,Official integration documentation for each CRM.,"[""public_text""]",Public evidence may be incomplete; absence of evidence is unknown.,unknown,unverified,CRM compatibility does not prove the vendor itself uses either CRM.,Embedded integration vendors and channel mapping.,source_inspired,"[""C16""]","[""https://www.clay.com/integrations""]",,AND,public_web,2.0.0,ecosystem
CSB-177,152,Find consulting firms headquartered in Germany that are currently listed as AWS partners and publish at least two named customer case studies involving AWS migration.,Ecosystem and partners,L3,Professional and business services,Germany,HQ,unconstrained,Consulting,"[""headquarters"", ""partner_membership"", ""case_study_count""]",[],"[""time_sensitive""]",current,Require current partner status and two named customer organizations with AWS migration work; two articles about one customer count once. Return one canonical operating-company domain per corporate group.,"[{""id"": ""requirements"", ""description"": ""Find consulting firms headquartered in Germany that are currently listed as AWS partners and publish at least two named customer case studies involving AWS migration. Acceptance interpretation: Require current partner status and two named customer organizations with AWS migration work; two articles about one customer count once. Return one canonical operating-company domain per corporate group."", ""evidence_types"": [""public_text""]}]","{""op"": ""condition"", ""condition_id"": ""requirements"", ""children"": []}",One corporate group; brands and subsidiaries of that group receive one credit.,"HQ, AWS directory membership and two distinct customer migration cases.","[""public_text""]",Public evidence may be incomplete; absence of evidence is unknown.,unknown,unverified,An AWS logo in a blog footer does not verify partner membership.,Channel development for cloud migration tools.,source_inspired,"[""C05"", ""C16""]","[""https://origami.chat/blog/building-prospect-lists-with-ai"", ""https://www.clay.com/integrations""]",,AND,public_web,2.0.0,ecosystem
CSB-178,153,"Find Shopify app developers with at least three currently listed apps, including one subscription-management app and one loyalty or rewards app.",Ecosystem and partners,L3,Software,Global,global,3+ listed apps,App developer,"[""marketplace_presence"", ""app_count"", ""product_category""]",[],"[""time_sensitive""]",current,"Require three distinct current apps under the same company, covering both requested categories; resolve acquired apps to their current owner. Return one canonical operating-company domain per corporate group.","[{""id"": ""requirements"", ""description"": ""Find Shopify app developers with at least three currently listed apps, including one subscription-management app and one loyalty or rewards app. Acceptance interpretation: Require three distinct current apps under the same company, covering both requested categories; resolve acquired apps to their current owner. Return one canonical operating-company domain per corporate group."", ""evidence_types"": [""public_text""]}]","{""op"": ""condition"", ""condition_id"": ""requirements"", ""children"": []}",One corporate group; brands and subsidiaries of that group receive one credit.,Live Shopify listings and developer ownership links.,"[""public_text""]",Public evidence may be incomplete; absence of evidence is unknown.,unknown,unverified,Separate brands or listings may belong to one corporate parent.,Commerce app platform consolidation and integration sales.,original,"[""C04"", ""C16""]","[""https://origami.chat/products/ai-research-agents"", ""https://www.clay.com/integrations""]",,AND,public_web,2.0.0,ecosystem
CSB-179,154,Find B2B software companies that publish a named customer case study showing use by a manufacturer with at least 10 production plants.,Ecosystem and partners,L4,Software,Global,global,unconstrained,B2B software,"[""customer_vertical"", ""customer_scale"", ""customer_relationship""]",[],[],current,"Verify candidate is the software seller, named manufacturer is the customer, and customer operates at least 10 production plants; office sites do not count. Return one canonical operating-company domain per corporate group.","[{""id"": ""requirements"", ""description"": ""Find B2B software companies that publish a named customer case study showing use by a manufacturer with at least 10 production plants. Acceptance interpretation: Verify candidate is the software seller, named manufacturer is the customer, and customer operates at least 10 production plants; office sites do not count. Return one canonical operating-company domain per corporate group."", ""evidence_types"": [""public_text""]}]","{""op"": ""condition"", ""condition_id"": ""requirements"", ""children"": []}",One corporate group; brands and subsidiaries of that group receive one credit.,Named software-customer case and manufacturing customer’s plant footprint.,"[""public_text""]",Public evidence may be incomplete; absence of evidence is unknown.,unknown,unverified,The seller’s plant count must not be confused with its customer’s.,Industrial software channel and adjacent-market prospecting.,original,"[""C05""]","[""https://origami.chat/blog/building-prospect-lists-with-ai""]",,JOIN,public_web,2.0.0,ecosystem
CSB-180,155,"Find marketing agencies that publish two or more named B2B SaaS customer case studies, each describing work on a self-service signup or free-trial conversion funnel.",Ecosystem and partners,L3,Professional and business services,Global,global,unconstrained,Marketing agency,"[""customer_vertical"", ""case_study_count"", ""service_offering""]",[],[],current,Require two separate named B2B SaaS customers and work on trial/signup conversion in each case; generic awareness campaigns fail. Return one canonical operating-company domain per corporate group.,"[{""id"": ""requirements"", ""description"": ""Find marketing agencies that publish two or more named B2B SaaS customer case studies, each describing work on a self-service signup or free-trial conversion funnel. Acceptance interpretation: Require two separate named B2B SaaS customers and work on trial/signup conversion in each case; generic awareness campaigns fail. Return one canonical operating-company domain per corporate group."", ""evidence_types"": [""public_text""]}]","{""op"": ""condition"", ""condition_id"": ""requirements"", ""children"": []}",One corporate group; brands and subsidiaries of that group receive one credit.,Two distinct customer cases and customer SaaS/free-trial evidence.,"[""public_text""]",Public evidence may be incomplete; absence of evidence is unknown.,unknown,unverified,Two pages about one customer are not two customer references.,PLG tooling partner and referral-channel recruitment.,source_inspired,"[""C05"", ""C02""]","[""https://origami.chat/blog/building-prospect-lists-with-ai"", ""https://www.clay.com/customers/intercom""]",,AND,public_web,2.0.0,ecosystem
CSB-181,156,Find cybersecurity vendors that offer an MSSP program with explicit multi-tenant management and reseller or service-provider licensing.,Ecosystem and partners,L3,Software,Global,global,unconstrained,Cybersecurity software,"[""partner_program"", ""multi_tenancy"", ""licensing_model""]",[],[],current,Require all three partner-enablement attributes; generic channel marketing or affiliate programs are insufficient. Return one canonical operating-company domain per corporate group.,"[{""id"": ""requirements"", ""description"": ""Find cybersecurity vendors that offer an MSSP program with explicit multi-tenant management and reseller or service-provider licensing. Acceptance interpretation: Require all three partner-enablement attributes; generic channel marketing or affiliate programs are insufficient. Return one canonical operating-company domain per corporate group."", ""evidence_types"": [""public_text""]}]","{""op"": ""condition"", ""condition_id"": ""requirements"", ""children"": []}",One corporate group; brands and subsidiaries of that group receive one credit.,"Official MSSP program, multi-tenant console and licensing documentation.","[""public_text""]",Public evidence may be incomplete; absence of evidence is unknown.,unknown,unverified,Multiple users in one customer account do not establish multi-tenancy.,Managed security service ecosystem and distribution partnerships.,original,"[""C16""]","[""https://www.clay.com/integrations""]",,AND,public_web,2.0.0,ecosystem
CSB-182,157,"Find companies that publicly announced the first Microsoft Azure Marketplace listing for a named paid software product in the last 90 days, with a currently active listing that supports transacting through Azure.",Ecosystem and partners,L3,Software,Global,global,unconstrained,B2B software,"[""marketplace_listing"", ""transactable_offer"", ""launch_date""]","[""marketplace_launch""]","[""time_sensitive""]",last_90_days,"Require the announcement of the named product’s first Azure Marketplace listing to have been published in the last 90 days, plus a currently active paid transactable offer for that product. Earlier listings of other products from the company are allowed. Updates to older listings, contact-me offers and consulting offers fail.","[{""id"": ""requirements"", ""description"": ""Find companies that publicly announced the first Microsoft Azure Marketplace listing for a named paid software product in the last 90 days, with a currently active listing that supports transacting through Azure. Acceptance interpretation: Require the announcement of the named product’s first Azure Marketplace listing to have been published in the last 90 days, plus a currently active paid transactable offer for that product. Earlier listings of other products from the company are allowed. Updates to older listings, contact-me offers and consulting offers fail."", ""evidence_types"": [""public_text""]}]","{""op"": ""condition"", ""condition_id"": ""requirements"", ""children"": []}",One independently operating company; do not merge distinct subsidiaries solely because they share a parent.,Dated announcement and active Azure marketplace offer.,"[""public_text""]",Public evidence may be incomplete; absence of evidence is unknown.,unknown,unverified,Marketplace visibility does not automatically mean transactable procurement.,Cloud marketplace acceleration and co-selling services.,original,"[""C07"", ""C16""]","[""https://www.autumn.ai/resources/articles/people-search-founder-led-sales"", ""https://www.clay.com/integrations""]",,JOIN,public_web,2.0.0,ecosystem
CSB-183,158,Find data-software vendors that offer an official Snowflake Native App and also offer the same product as a standalone SaaS service.,Ecosystem and partners,L3,Software,Global,global,unconstrained,B2B SaaS,"[""marketplace_product"", ""deployment_combination""]",[],[],current,"Require an actual Native App rather than a data listing, plus a separately available SaaS edition of the same product. Return one canonical operating-company domain per corporate group.","[{""id"": ""requirements"", ""description"": ""Find data-software vendors that offer an official Snowflake Native App and also offer the same product as a standalone SaaS service. Acceptance interpretation: Require an actual Native App rather than a data listing, plus a separately available SaaS edition of the same product. Return one canonical operating-company domain per corporate group."", ""evidence_types"": [""public_text""]}]","{""op"": ""condition"", ""condition_id"": ""requirements"", ""children"": []}",One corporate group; brands and subsidiaries of that group receive one credit.,Snowflake Native App listing and standalone product documentation.,"[""public_text""]",Public evidence may be incomplete; absence of evidence is unknown.,unknown,unverified,A Snowflake connector is not a Snowflake Native App.,Data marketplace partnerships and dual-distribution tooling.,original,"[""C16""]","[""https://www.clay.com/integrations""]",,AND,public_web,2.0.0,ecosystem
CSB-184,159,"Find companies with a current public technology partnership with both NVIDIA and a named cloud provider, and a jointly documented enterprise AI deployment involving all three parties.",Ecosystem and partners,L4,Software,Global,global,unconstrained,AI technology or services,"[""partner_combination"", ""joint_customer_deployment"", ""ai_use_case""]",[],"[""ai_adoption"", ""time_sensitive""]",current,"Require both partnerships and one deployment linking candidate, NVIDIA and the cloud provider; three unrelated logos are insufficient. Return one canonical operating-company domain per corporate group.","[{""id"": ""requirements"", ""description"": ""Find companies with a current public technology partnership with both NVIDIA and a named cloud provider, and a jointly documented enterprise AI deployment involving all three parties. Acceptance interpretation: Require both partnerships and one deployment linking candidate, NVIDIA and the cloud provider; three unrelated logos are insufficient. Return one canonical operating-company domain per corporate group."", ""evidence_types"": [""public_text""]}]","{""op"": ""condition"", ""condition_id"": ""requirements"", ""children"": []}",One corporate group; brands and subsidiaries of that group receive one credit.,Current partnerships and named joint enterprise deployment case.,"[""public_text""]",Public evidence may be incomplete; absence of evidence is unknown.,unknown,unverified,General membership in separate partner programs does not prove joint delivery.,Enterprise AI channel and ecosystem development.,original,"[""C07"", ""C16""]","[""https://www.autumn.ai/resources/articles/people-search-founder-led-sales"", ""https://www.clay.com/integrations""]",,JOIN,public_web,2.0.0,ecosystem
CSB-185,160,"Find companies that published a named case study in the last 180 days describing a customer’s completed switch from a competing product to their own product, where a separate public statement on that customer’s own website confirms the same switch.",Competitive replacement,L4,Cross-industry,Global,global,unconstrained,unconstrained,"[""competitor_displacement"", ""customer_confirmation"", ""source_date""]","[""customer_win"", ""competitive_displacement""]","[""technographic"", ""time_sensitive""]",last_180_days,"Return the winning vendor. Require seller case study published within 180 days, named old and replacement products, and a separate customer-controlled public source confirming actual completed switch. Comparison pages alone fail.","[{""id"": ""requirements"", ""description"": ""Find companies that published a named case study in the last 180 days describing a customer’s completed switch from a competing product to their own product, where a separate public statement on that customer’s own website confirms the same switch. Acceptance interpretation: Return the winning vendor. Require seller case study published within 180 days, named old and replacement products, and a separate customer-controlled public source confirming actual completed switch. Comparison pages alone fail."", ""evidence_types"": [""public_text""]}]","{""op"": ""condition"", ""condition_id"": ""requirements"", ""children"": []}",One independently operating company; do not merge distinct subsidiaries solely because they share a parent.,"Dated seller case study, named old and replacement products, and a separate public confirmation on the customer’s own website.","[""public_text""]",Public evidence may be incomplete; absence of evidence is unknown.,unknown,unverified,A vendor-authored success story or attributed quotation without a separate customer-controlled source is insufficient.,"Competitive landscape, implementation partners and displacement messaging.",original,"[""C01"", ""C05""]","[""https://www.clay.com/guides/what-is-technographic-data"", ""https://origami.chat/blog/building-prospect-lists-with-ai""]",,JOIN,public_web,2.0.0,technographic
CSB-186,161,Find companies that manufacture injection-molded plastic components in Mexico.,Semantic niche,L1,Manufacturing,Mexico,operations,unconstrained,manufacturer,"[""operating_country"", ""manufacturing_capability""]",[],"[""simple""]",current,"Confirm an operating Mexican molding facility and own production; return company domains, consolidating plants.","[{""id"": ""requirements"", ""description"": ""Find companies that manufacture injection-molded plastic components in Mexico. Acceptance interpretation: Confirm an operating Mexican molding facility and own production; return company domains, consolidating plants."", ""evidence_types"": [""public_text""]}]","{""op"": ""condition"", ""condition_id"": ""requirements"", ""children"": []}",One independently operating company; do not merge distinct subsidiaries solely because they share a parent.,Company manufacturing and location pages.,"[""public_text""]",Public evidence may be incomplete; absence of evidence is unknown.,unknown,unverified,A distributor may advertise molding products without manufacturing them.,"Resin, tooling and production-software prospecting",source_inspired,"[""I01""]","[""https://sourcing.thomasnet.com/""]",,AND,public_web,2.0.0,semantic
CSB-187,162,Find contract manufacturers operating in the United States that offer both five-axis CNC machining and titanium machining for aerospace customers.,Semantic niche,L2,Manufacturing,United States,operations,unconstrained,contract manufacturer,"[""operating_country"", ""manufacturing_capability"", ""material"", ""customer_vertical""]",[],[],current,"Both capabilities must belong to the same company, with US machining operations and explicit aerospace service evidence.","[{""id"": ""requirements"", ""description"": ""Find contract manufacturers operating in the United States that offer both five-axis CNC machining and titanium machining for aerospace customers. Acceptance interpretation: Both capabilities must belong to the same company, with US machining operations and explicit aerospace service evidence."", ""evidence_types"": [""public_text""]}]","{""op"": ""condition"", ""condition_id"": ""requirements"", ""children"": []}",One independently operating company; do not merge distinct subsidiaries solely because they share a parent.,"Capability pages identifying equipment, materials, aerospace work and US production.","[""public_text""]",Public evidence may be incomplete; absence of evidence is unknown.,unknown,unverified,An aerospace logo alone does not prove titanium machining capability.,Cutting tools and aerospace supplier development,source_inspired,"[""I01""]","[""https://sourcing.thomasnet.com/""]",,AND,public_web,2.0.0,semantic
CSB-188,163,Find electronics contract manufacturers with a production site in Malaysia and a currently valid ISO 13485 certificate whose scope covers medical-device manufacturing at that site.,Credentials and certifications,L3,Manufacturing,Malaysia,operations,unconstrained,contract manufacturer,"[""operating_country"", ""manufacturing_capability"", ""certificate"", ""certificate_scope""]",[],"[""time_sensitive""]",current,Match valid issuer-confirmed certificate to Malaysian production site and operating company; sales-office certificates do not qualify.,"[{""id"": ""requirements"", ""description"": ""Find electronics contract manufacturers with a production site in Malaysia and a currently valid ISO 13485 certificate whose scope covers medical-device manufacturing at that site. Acceptance interpretation: Match valid issuer-confirmed certificate to Malaysian production site and operating company; sales-office certificates do not qualify."", ""evidence_types"": [""public_text""]}]","{""op"": ""condition"", ""condition_id"": ""requirements"", ""children"": []}",One independently operating company; do not merge distinct subsidiaries solely because they share a parent.,"Certificate number, issuer, validity dates, scope and site address plus company domain.","[""public_text""]",Public evidence may be incomplete; absence of evidence is unknown.,unknown,unverified,A quality-system logo can be expired or cover a different site.,Medical-electronics components and quality-management sales,source_inspired,"[""I01""]","[""https://sourcing.thomasnet.com/""]",,JOIN,public_web,2.0.0,ecosystem
CSB-189,164,"Find industrial battery-pack manufacturers headquartered in Germany that explicitly design and assemble custom packs for warehouse vehicles, excluding companies whose offering is limited to cell distribution.",Semantic niche,L2,Manufacturing,Germany,HQ,unconstrained,manufacturer,"[""headquarters"", ""product"", ""custom_design"", ""customer_vertical"", ""exclusion""]",[],[],current,Require positive in-house pack design and assembly statements and a warehouse-vehicle application; consolidate brands by operating company.,"[{""id"": ""requirements"", ""description"": ""Find industrial battery-pack manufacturers headquartered in Germany that explicitly design and assemble custom packs for warehouse vehicles, excluding companies whose offering is limited to cell distribution. Acceptance interpretation: Require positive in-house pack design and assembly statements and a warehouse-vehicle application; consolidate brands by operating company."", ""evidence_types"": [""public_text""]}]","{""op"": ""condition"", ""condition_id"": ""requirements"", ""children"": []}",One independently operating company; do not merge distinct subsidiaries solely because they share a parent.,"HQ, design/assembly capability and warehouse-vehicle applications.","[""public_text""]",Public evidence may be incomplete; absence of evidence is unknown.,unknown,unverified,Cell distributors may market battery expertise without pack assembly.,Battery testing and industrial power components,source_inspired,"[""I14""]","[""https://arxiv.org/abs/1912.00778""]",,AND_NOT,public_web,2.0.0,semantic
CSB-190,165,Find manufacturers operating in the United States that announced commissioning a new production line in the last 180 days and explicitly said it increased annual production capacity by at least 20%.,Expansion,L3,Manufacturing,United States,operations,unconstrained,unconstrained,"[""operating_country"", ""capacity_growth_threshold""]","[""production_line_commissioned""]","[""time_sensitive""]",last_180_days,Require commissioning in-window and a stated or calculable 20%+ gain in comparable annual capacity; plans alone fail.,"[{""id"": ""requirements"", ""description"": ""Find manufacturers operating in the United States that announced commissioning a new production line in the last 180 days and explicitly said it increased annual production capacity by at least 20%. Acceptance interpretation: Require commissioning in-window and a stated or calculable 20%+ gain in comparable annual capacity; plans alone fail."", ""evidence_types"": [""public_text""]}]","{""op"": ""condition"", ""condition_id"": ""requirements"", ""children"": []}",One independently operating company; do not merge distinct subsidiaries solely because they share a parent.,Dated commissioning announcement with percentage or comparable before/after annual capacity.,"[""public_text""]",Public evidence may be incomplete; absence of evidence is unknown.,unknown,unverified,A plant expansion announcement may describe future rather than available capacity.,"Automation, maintenance and material-handling sales",source_inspired,"[""I10""]","[""https://www.reddit.com/r/sales/comments/ppzi62/generating_new_leads_in_manufacturing_sales/""]",,THRESHOLD,public_web,2.0.0,signals
CSB-191,166,"Find US manufacturers that publicly announced winning a new customer supply contract and subsequently announced a related warehouse expansion, with both announcements in the last 365 days and the expansion explicitly linked to that contract.",Expansion,L4,Manufacturing,United States,operations,unconstrained,unconstrained,"[""operating_country"", ""causal_link""]","[""contract_win"", ""warehouse_expansion""]","[""time_sensitive""]",last_365_days,"Require US manufacturing operations, dated contract-win and subsequent related warehouse-expansion announcements within 365 days, with explicit linkage. The expansion may be planned if the announcement says so. Return the manufacturer, not the landlord.","[{""id"": ""requirements"", ""description"": ""Find US manufacturers that publicly announced winning a new customer supply contract and subsequently announced a related warehouse expansion, with both announcements in the last 365 days and the expansion explicitly linked to that contract. Acceptance interpretation: Require US manufacturing operations, dated contract-win and subsequent related warehouse-expansion announcements within 365 days, with explicit linkage. The expansion may be planned if the announcement says so. Return the manufacturer, not the landlord."", ""evidence_types"": [""public_text""]}]","{""op"": ""condition"", ""condition_id"": ""requirements"", ""children"": []}",One independently operating company; do not merge distinct subsidiaries solely because they share a parent.,"Two dated events or one chronology describing award first, expansion later and their connection.","[""public_text""]",Public evidence may be incomplete; absence of evidence is unknown.,unknown,unverified,Temporal proximity without a stated link does not establish why expansion happened.,Warehouse equipment and fulfillment services,source_inspired,"[""I12""]","[""https://www.prologis.com/insights-news/success-stories/premium-guard-sees-dramatic-time-and-cost-savings-turnkey-warehouse""]",,SEQUENCE,public_web,2.0.0,signals
CSB-192,167,Find companies operating commercial cement plants in the United States with at least one plant listed as ENERGY STAR certified for the most recent complete calendar year before the search date.,Credentials and certifications,L3,Manufacturing,United States,operations,unconstrained,manufacturer,"[""operating_country"", ""plant_type"", ""certificate"", ""certificate_year""]",[],"[""time_sensitive""]",most_recent_complete_calendar_year,Match qualifying certified cement site to its current operating company; return one account per corporate group with site named.,"[{""id"": ""requirements"", ""description"": ""Find companies operating commercial cement plants in the United States with at least one plant listed as ENERGY STAR certified for the most recent complete calendar year before the search date. Acceptance interpretation: Match qualifying certified cement site to its current operating company; return one account per corporate group with site named."", ""evidence_types"": [""public_text""]}]","{""op"": ""condition"", ""condition_id"": ""requirements"", ""children"": []}",One corporate group; brands and subsidiaries of that group receive one credit.,"ENERGY STAR plant record, certification year and current operator relationship.","[""public_text""]",Public evidence may be incomplete; absence of evidence is unknown.,unknown,unverified,A building award or old plant certification is not the requested industrial-year record.,Industrial energy services and equipment,source_inspired,"[""I13""]","[""https://www.energystar.gov/buildings/certified_buildings_and_plants""]",,JOIN,public_web,2.0.0,ecosystem
CSB-193,168,"Find companies headquartered in Japan that manufacture machine-vision inspection hardware and offer products specifically for checking pharmaceutical packaging, with product documentation available in English.",Semantic niche,L2,Manufacturing,Japan,HQ,unconstrained,manufacturer,"[""headquarters"", ""product"", ""customer_vertical"", ""language""]",[],[],current,Require inspection hardware and a pharmaceutical-packaging application; English distributor material qualifies only if manufacturer attribution is clear.,"[{""id"": ""requirements"", ""description"": ""Find companies headquartered in Japan that manufacture machine-vision inspection hardware and offer products specifically for checking pharmaceutical packaging, with product documentation available in English. Acceptance interpretation: Require inspection hardware and a pharmaceutical-packaging application; English distributor material qualifies only if manufacturer attribution is clear."", ""evidence_types"": [""public_text""]}]","{""op"": ""condition"", ""condition_id"": ""requirements"", ""children"": []}",One independently operating company; do not merge distinct subsidiaries solely because they share a parent.,"HQ, product specifications, pharmaceutical application and English documentation.","[""public_text""]",Public evidence may be incomplete; absence of evidence is unknown.,unknown,unverified,General camera vendors can rank for pharmaceutical inspection without an applicable product.,OEM channel and component partnerships,source_inspired,"[""I14""]","[""https://arxiv.org/abs/1912.00778""]",,AND,public_web,2.0.0,semantic
CSB-194,169,Find packaging manufacturers with production facilities in both Poland and Germany that offer returnable transport packaging for automotive parts.,Operating footprint,L3,Manufacturing,Poland; Germany,operations,unconstrained,manufacturer,"[""operating_country"", ""location_count"", ""product"", ""customer_vertical""]",[],[],current,Same corporate group must operate manufacturing in both countries; return group operating domain once.,"[{""id"": ""requirements"", ""description"": ""Find packaging manufacturers with production facilities in both Poland and Germany that offer returnable transport packaging for automotive parts. Acceptance interpretation: Same corporate group must operate manufacturing in both countries; return group operating domain once."", ""evidence_types"": [""public_text""]}]","{""op"": ""condition"", ""condition_id"": ""requirements"", ""children"": []}",One corporate group; brands and subsidiaries of that group receive one credit.,Two country-specific production locations and returnable automotive-packaging product evidence.,"[""public_text""]",Public evidence may be incomplete; absence of evidence is unknown.,unknown,unverified,Sales coverage in two countries is not production in both.,Cross-border freight and packaging-material sales,source_inspired,"[""I01""]","[""https://sourcing.thomasnet.com/""]",,JOIN,public_web,2.0.0,firmographic
CSB-195,170,Find industrial distributors headquartered in the United Kingdom that sell bearings and power-transmission products through an online store with visible prices and checkout.,Product and business model,L2,Manufacturing,United Kingdom,HQ,unconstrained,B2B distributor,"[""headquarters"", ""product"", ""distribution_role"", ""ecommerce_checkout""]",[],[],current,Require both product lines and actual purchasing flow; quotation-only catalogs do not meet checkout requirement.,"[{""id"": ""requirements"", ""description"": ""Find industrial distributors headquartered in the United Kingdom that sell bearings and power-transmission products through an online store with visible prices and checkout. Acceptance interpretation: Require both product lines and actual purchasing flow; quotation-only catalogs do not meet checkout requirement."", ""evidence_types"": [""public_text""]}]","{""op"": ""condition"", ""condition_id"": ""requirements"", ""children"": []}",One independently operating company; do not merge distinct subsidiaries solely because they share a parent.,"HQ, product category pages and checkout/pricing path without placing an order.","[""public_text""]",Public evidence may be incomplete; absence of evidence is unknown.,unknown,unverified,A product catalog is not evidence that customers can complete a purchase online.,B2B commerce and inventory optimization,source_inspired,"[""I09""]","[""https://www.mckinsey.com/capabilities/growth-marketing-and-sales/our-insights/five-fundamental-truths-how-b2b-winners-keep-growing""]",,AND,public_web,2.0.0,semantic
CSB-196,171,Find logistics companies operating refrigerated warehouses in the Netherlands that explicitly offer storage for pharmaceutical products at 2 to 8 degrees Celsius.,Semantic niche,L2,Transportation and logistics,Netherlands,operations,unconstrained,logistics services,"[""operating_country"", ""warehouse_type"", ""storage_temperature"", ""customer_vertical""]",[],[],current,Match the stated storage range and pharmaceutical service to an operated Dutch warehouse; return logistics company.,"[{""id"": ""requirements"", ""description"": ""Find logistics companies operating refrigerated warehouses in the Netherlands that explicitly offer storage for pharmaceutical products at 2 to 8 degrees Celsius. Acceptance interpretation: Match the stated storage range and pharmaceutical service to an operated Dutch warehouse; return logistics company."", ""evidence_types"": [""public_text""]}]","{""op"": ""condition"", ""condition_id"": ""requirements"", ""children"": []}",One independently operating company; do not merge distinct subsidiaries solely because they share a parent.,Facility/service pages identifying Netherlands storage and 2-8 C range.,"[""public_text""]",Public evidence may be incomplete; absence of evidence is unknown.,unknown,unverified,Refrigerated transport capability does not establish warehouse capability.,Cold-chain monitoring and packaging sales,original,[],[],,AND,public_web,2.0.0,semantic
CSB-197,172,Find third-party logistics companies with operated fulfillment warehouses in both the United States and Canada that offer ecommerce returns inspection and product refurbishment.,Semantic niche,L3,Transportation and logistics,United States; Canada,operations,unconstrained,third-party logistics,"[""operating_country"", ""fulfillment"", ""reverse_logistics"", ""refurbishment""]",[],[],current,Require owned or leased operated warehouses in both countries plus inspection and refurbishment offered by same group; deduplicate.,"[{""id"": ""requirements"", ""description"": ""Find third-party logistics companies with operated fulfillment warehouses in both the United States and Canada that offer ecommerce returns inspection and product refurbishment. Acceptance interpretation: Require owned or leased operated warehouses in both countries plus inspection and refurbishment offered by same group; deduplicate."", ""evidence_types"": [""public_text""]}]","{""op"": ""condition"", ""condition_id"": ""requirements"", ""children"": []}",One independently operating company; do not merge distinct subsidiaries solely because they share a parent.,Warehouse network and service pages for inspection/refurbishment.,"[""public_text""]",Public evidence may be incomplete; absence of evidence is unknown.,unknown,unverified,Partner-network coverage can be mistaken for operated warehouses.,Returns software and refurbishment equipment,original,[],[],,JOIN,public_web,2.0.0,semantic
CSB-198,173,"Find third-party logistics companies operating a warehouse within 25 kilometres straight-line distance of Rotterdam Centraal station, Netherlands, that explicitly offer bonded storage and customs-clearance services.",Operating footprint,L3,Transportation and logistics,"Within 25 km of Rotterdam Centraal, Netherlands",operations,unconstrained,third-party logistics,"[""operating_country"", ""distance_radius"", ""warehouse_type"", ""service_offering""]",[],[],current,Same operator must run a qualifying warehouse within 25 km great-circle distance of the benchmark’s frozen Rotterdam Centraal reference point and explicitly offer both services there. Return logistics company once. Public service claims are not a legal authorization determination.,"[{""id"": ""requirements"", ""description"": ""Find third-party logistics companies operating a warehouse within 25 kilometres straight-line distance of Rotterdam Centraal station, Netherlands, that explicitly offer bonded storage and customs-clearance services. Acceptance interpretation: Same operator must run a qualifying warehouse within 25 km great-circle distance of the benchmark’s frozen Rotterdam Centraal reference point and explicitly offer both services there. Return logistics company once. Public service claims are not a legal authorization determination."", ""evidence_types"": [""public_text"", ""geospatial""]}]","{""op"": ""condition"", ""condition_id"": ""requirements"", ""children"": []}",One independently operating company; do not merge distinct subsidiaries solely because they share a parent.,"Warehouse address, operator identity and public bonded-storage/customs-clearance service pages; geocoded points and calculated distance.","[""public_text"", ""geospatial""]","Requires public warehouse coordinates, station coordinates, and a documented straight-line calculation; missing coordinates are unknown.",unknown,unverified,"Driving distance, sales-office location and a partner warehouse outside operator control do not qualify.","Port-area warehouse, customs workflow and logistics partner prospecting.",original,[],[],,AND,public_web,2.0.0,firmographic
CSB-199,174,Find trucking companies headquartered in the United States that report operating at least 100 power units and explicitly offer both dry-van and refrigerated freight services.,Operating metrics,L3,Transportation and logistics,United States,HQ,100+ operated power units,carrier,"[""headquarters"", ""fleet_size_threshold"", ""service_offering""]",[],[],current,Require 100 or more company-operated power units in latest available record and both services; return carrier group once.,"[{""id"": ""requirements"", ""description"": ""Find trucking companies headquartered in the United States that report operating at least 100 power units and explicitly offer both dry-van and refrigerated freight services. Acceptance interpretation: Require 100 or more company-operated power units in latest available record and both services; return carrier group once."", ""evidence_types"": [""public_text""]}]","{""op"": ""condition"", ""condition_id"": ""requirements"", ""children"": []}",One independently operating company; do not merge distinct subsidiaries solely because they share a parent.,"Dated fleet disclosure or carrier registry, HQ and both service descriptions.","[""public_text""]",Public evidence may be incomplete; absence of evidence is unknown.,unknown,unverified,A broker network fleet is not the carrier own operated fleet.,Fleet telematics and maintenance sales,original,[],[],,AND,public_web,2.0.0,semantic
CSB-200,175,Find freight forwarders headquartered in Singapore that publish a dedicated service for shipping lithium-ion batteries by air and identify dangerous-goods handling procedures in their service documentation.,Semantic niche,L3,Transportation and logistics,Singapore,HQ,unconstrained,freight forwarder,"[""headquarters"", ""cargo_specialty"", ""transport_mode"", ""procedure_evidence""]",[],[],current,Require lithium-ion air-cargo service and a concrete handling procedure; do not infer legal compliance or authorization from marketing.,"[{""id"": ""requirements"", ""description"": ""Find freight forwarders headquartered in Singapore that publish a dedicated service for shipping lithium-ion batteries by air and identify dangerous-goods handling procedures in their service documentation. Acceptance interpretation: Require lithium-ion air-cargo service and a concrete handling procedure; do not infer legal compliance or authorization from marketing."", ""evidence_types"": [""public_text""]}]","{""op"": ""condition"", ""condition_id"": ""requirements"", ""children"": []}",One independently operating company; do not merge distinct subsidiaries solely because they share a parent.,HQ and battery-specific air-freight service and documented handling process.,"[""public_text""]",Public evidence may be incomplete; absence of evidence is unknown.,unknown,unverified,A generic dangerous-goods page may not cover lithium batteries by air.,Dangerous-goods packaging and documentation tools,original,[],[],,SEMANTIC,public_web,2.0.0,semantic
CSB-201,176,Find commercial last-mile delivery companies operating in Brazil that publicly announced deploying at least 20 electric delivery vehicles in the last 365 days and identify a paying retail customer for that deployment.,Expansion,L4,Transportation and logistics,Brazil,operations,unconstrained,delivery services,"[""operating_country"", ""fleet_size_threshold"", ""customer_relationship""]","[""electric_fleet_deployment""]","[""time_sensitive""]",last_365_days,Require vehicles actually deployed in Brazil in-window and customer tied to the same deployment; order announcements alone fail.,"[{""id"": ""requirements"", ""description"": ""Find commercial last-mile delivery companies operating in Brazil that publicly announced deploying at least 20 electric delivery vehicles in the last 365 days and identify a paying retail customer for that deployment. Acceptance interpretation: Require vehicles actually deployed in Brazil in-window and customer tied to the same deployment; order announcements alone fail."", ""evidence_types"": [""public_text""]}]","{""op"": ""condition"", ""condition_id"": ""requirements"", ""children"": []}",One independently operating company; do not merge distinct subsidiaries solely because they share a parent.,Dated deployment with vehicle count and named customer relationship.,"[""public_text""]",Public evidence may be incomplete; absence of evidence is unknown.,unknown,unverified,A vehicle purchase or unnamed pilot is not a customer deployment.,Charging infrastructure and fleet-management sales,original,[],[],,JOIN,public_web,2.0.0,signals
CSB-202,177,Find companies headquartered in the United States that manufacture wearable cardiac-monitoring devices or develop and sell them under their own brand.,Semantic niche,L1,Healthcare and life sciences,United States,HQ,unconstrained,device manufacturer,"[""headquarters"", ""product""]",[],"[""simple""]",current,"Require manufacturer or own-brand device developer, not a clinic or retailer; return operating company domain.","[{""id"": ""requirements"", ""description"": ""Find companies headquartered in the United States that manufacture wearable cardiac-monitoring devices or develop and sell them under their own brand. Acceptance interpretation: Require manufacturer or own-brand device developer, not a clinic or retailer; return operating company domain."", ""evidence_types"": [""public_text""]}]","{""op"": ""condition"", ""condition_id"": ""requirements"", ""children"": []}",One independently operating company; do not merge distinct subsidiaries solely because they share a parent.,Company HQ and wearable cardiac product page.,"[""public_text""]",Public evidence may be incomplete; absence of evidence is unknown.,unknown,unverified,A consumer fitness wearable may lack a cardiac-monitoring offering.,Device components and commercial partnerships,original,[],[],,AND,public_web,2.0.0,semantic
CSB-203,178,Find biotechnology companies that are lead sponsors of at least one Phase 2 interventional oncology trial currently recruiting participants at a site in the United Kingdom.,Clinical milestones,L3,Healthcare and life sciences,United Kingdom,operations,unconstrained,biotechnology,"[""trial_phase"", ""trial_condition"", ""recruitment_status"", ""trial_country"", ""sponsor_role""]",[],"[""time_sensitive""]",current,"Require corporate biotech lead sponsor, a Phase 2 designation and oncology indication; at least one UK site must be recruiting. Return sponsor company, not trial site.","[{""id"": ""requirements"", ""description"": ""Find biotechnology companies that are lead sponsors of at least one Phase 2 interventional oncology trial currently recruiting participants at a site in the United Kingdom. Acceptance interpretation: Require corporate biotech lead sponsor, a Phase 2 designation and oncology indication; at least one UK site must be recruiting. Return sponsor company, not trial site."", ""evidence_types"": [""public_text""]}]","{""op"": ""condition"", ""condition_id"": ""requirements"", ""children"": []}",One independently operating company; do not merge distinct subsidiaries solely because they share a parent.,"Trial registry ID, lead sponsor, Phase 2, oncology condition and recruiting UK location.","[""public_text""]",Public evidence may be incomplete; absence of evidence is unknown.,unknown,unverified,"Universities, collaborators and CROs can be confused with the lead sponsor.","Clinical recruitment, lab and trial-operations services",source_inspired,"[""I05""]","[""https://clinicaltrials.gov/data-about-studies/csv-download""]",,JOIN,public_web,2.0.0,signals
CSB-204,179,Find pharmaceutical companies whose Phase 3 trial of a type 2 diabetes drug has an actual study start date in the last 180 days and recruiting locations in at least three different countries as of the search date.,Clinical milestones,L4,Healthcare and life sciences,Global,global,unconstrained,pharmaceutical developer,"[""trial_phase"", ""condition"", ""country_count"", ""sponsor_role""]","[""clinical_trial_start""]","[""time_sensitive""]",last_180_days,"Require corporate lead sponsor, actual start in-window and three distinct recruiting countries on same trial; estimated start fails.","[{""id"": ""requirements"", ""description"": ""Find pharmaceutical companies whose Phase 3 trial of a type 2 diabetes drug has an actual study start date in the last 180 days and recruiting locations in at least three different countries as of the search date. Acceptance interpretation: Require corporate lead sponsor, actual start in-window and three distinct recruiting countries on same trial; estimated start fails."", ""evidence_types"": [""public_text""]}]","{""op"": ""condition"", ""condition_id"": ""requirements"", ""children"": []}",One independently operating company; do not merge distinct subsidiaries solely because they share a parent.,"Registry ID, actual start date, intervention, sponsor and recruiting location countries.","[""public_text""]",Public evidence may be incomplete; absence of evidence is unknown.,unknown,unverified,Registry update date or planned countries may be mistaken for actual study expansion.,Global clinical-trial logistics and localization,source_inspired,"[""I05""]","[""https://clinicaltrials.gov/data-about-studies/csv-download""]",,JOIN,public_web,2.0.0,signals
CSB-205,180,Find contract research organizations headquartered in India that offer both bioanalytical testing and first-in-human clinical trial services to external sponsors.,Semantic niche,L2,Healthcare and life sciences,India,HQ,unconstrained,contract research services,"[""headquarters"", ""service_offering"", ""customer_vertical""]",[],[],current,Both offerings must be available from same company group; exclude internal research departments and recruitment-only agencies.,"[{""id"": ""requirements"", ""description"": ""Find contract research organizations headquartered in India that offer both bioanalytical testing and first-in-human clinical trial services to external sponsors. Acceptance interpretation: Both offerings must be available from same company group; exclude internal research departments and recruitment-only agencies."", ""evidence_types"": [""public_text""]}]","{""op"": ""condition"", ""condition_id"": ""requirements"", ""children"": []}",One independently operating company; do not merge distinct subsidiaries solely because they share a parent.,HQ and external-sponsor service pages for both capabilities.,"[""public_text""]",Public evidence may be incomplete; absence of evidence is unknown.,unknown,unverified,A partner referral can look like a direct service capability.,CRO supplier and channel prospecting,original,[],[],,AND,public_web,2.0.0,semantic
CSB-206,181,Find dental service organizations operating at least 20 branded dental practices in Australia that publicly offer centralized purchasing or procurement for their practices.,Product and business model,L3,Healthcare and life sciences,Australia,operations,20+ practices,dental service organization,"[""operating_country"", ""location_count"", ""centralized_procurement""]",[],[],current,"Require 20 currently operating branded Australian practices and explicit group procurement; return support organization, not individual practices.","[{""id"": ""requirements"", ""description"": ""Find dental service organizations operating at least 20 branded dental practices in Australia that publicly offer centralized purchasing or procurement for their practices. Acceptance interpretation: Require 20 currently operating branded Australian practices and explicit group procurement; return support organization, not individual practices."", ""evidence_types"": [""public_text""]}]","{""op"": ""condition"", ""condition_id"": ""requirements"", ""children"": []}",One independently operating company; do not merge distinct subsidiaries solely because they share a parent.,Practice directory/count and corporate procurement description.,"[""public_text""]",Public evidence may be incomplete; absence of evidence is unknown.,unknown,unverified,A loose referral directory does not establish common purchasing control.,Dental supply and procurement-platform sales,original,[],[],,JOIN,public_web,2.0.0,semantic
CSB-207,182,"Find veterinary clinic groups operating in Spain that opened at least three new clinics during the last 365 days, excluding acquisitions and rebrands from the opening count.",Expansion,L3,Healthcare and life sciences,Spain,operations,unconstrained,veterinary clinic group,"[""operating_country"", ""opening_count_threshold"", ""event_exclusion""]","[""clinic_opening""]","[""time_sensitive""]",last_365_days,Require three newly operating physical clinics in-window; consolidate the group; acquired existing clinics and rebrands do not count.,"[{""id"": ""requirements"", ""description"": ""Find veterinary clinic groups operating in Spain that opened at least three new clinics during the last 365 days, excluding acquisitions and rebrands from the opening count. Acceptance interpretation: Require three newly operating physical clinics in-window; consolidate the group; acquired existing clinics and rebrands do not count."", ""evidence_types"": [""public_text""]}]","{""op"": ""condition"", ""condition_id"": ""requirements"", ""children"": []}",One independently operating company; do not merge distinct subsidiaries solely because they share a parent.,Three location-specific opening dates and group ownership evidence.,"[""public_text""]",Public evidence may be incomplete; absence of evidence is unknown.,unknown,unverified,Acquisition press releases often use expansion language without adding clinics.,"Veterinary equipment, payments and operations tools",original,[],[],,THRESHOLD,public_web,2.0.0,signals
CSB-208,183,"Find medical-device manufacturers that initiated a US product recall during the last 90 days for a software-related fault, according to an FDA recall record.",Regulatory events,L3,Healthcare and life sciences,United States,customers,unconstrained,device manufacturer,"[""market_country"", ""product"", ""recall_reason""]","[""product_recall""]","[""time_sensitive""]",last_90_days,"Recall initiation date must fall in-window and stated cause must involve software; resolve recalling firm to manufacturer, preserving named subsidiary evidence.","[{""id"": ""requirements"", ""description"": ""Find medical-device manufacturers that initiated a US product recall during the last 90 days for a software-related fault, according to an FDA recall record. Acceptance interpretation: Recall initiation date must fall in-window and stated cause must involve software; resolve recalling firm to manufacturer, preserving named subsidiary evidence."", ""evidence_types"": [""public_text""]}]","{""op"": ""condition"", ""condition_id"": ""requirements"", ""children"": []}",One independently operating company; do not merge distinct subsidiaries solely because they share a parent.,"FDA recall identifier, firm, initiation date, reason and manufacturer relationship.","[""public_text""]",Public evidence may be incomplete; absence of evidence is unknown.,unknown,unverified,A record update date or distributor-only recall may yield the wrong date or account.,Device quality systems and software verification services,original,"[""I04""]","[""https://www.fda.gov/medical-devices/consumers-medical-devices/are-there-fda-registered-or-fda-certified-medical-devices-how-do-i-know-what-fda-approved""]",,AND,public_web,2.0.0,signals
CSB-209,184,Find medical-device companies that received an FDA 510(k) clearance for a remote patient-monitoring product in the last 365 days and subsequently announced its US commercial launch by the search date.,Regulatory events,L4,Healthcare and life sciences,United States,customers,unconstrained,device manufacturer,"[""market_country"", ""product"", ""regulatory_pathway""]","[""device_clearance"", ""commercial_launch""]","[""time_sensitive""]",clearance_last_365_days_then_launch_by_run_date,"Both events must concern same product; clearance precedes launch; registration alone fails. Return manufacturer company, not FDA or distributor.","[{""id"": ""requirements"", ""description"": ""Find medical-device companies that received an FDA 510(k) clearance for a remote patient-monitoring product in the last 365 days and subsequently announced its US commercial launch by the search date. Acceptance interpretation: Both events must concern same product; clearance precedes launch; registration alone fails. Return manufacturer company, not FDA or distributor."", ""evidence_types"": [""public_text""]}]","{""op"": ""condition"", ""condition_id"": ""requirements"", ""children"": []}",One independently operating company; do not merge distinct subsidiaries solely because they share a parent.,510(k) identifier/decision date and dated launch naming the same device and responsible company.,"[""public_text""]",Public evidence may be incomplete; absence of evidence is unknown.,unknown,unverified,Clearance does not automatically establish product launch or sales availability.,Medical-device commercialization and channel services,source_inspired,"[""I04""]","[""https://www.fda.gov/medical-devices/consumers-medical-devices/are-there-fda-registered-or-fda-certified-medical-devices-how-do-i-know-what-fda-approved""]",,SEQUENCE,public_web,2.0.0,signals
CSB-210,185,"Find commercial roofing contractors serving Miami-Dade County, Florida, United States, that explicitly install both standing-seam metal roofs and TPO membrane roofs.",Semantic niche,L2,Construction and real estate,"United States: Florida, Miami-Dade County",customers,unconstrained,contractor,"[""service_area"", ""construction_specialty"", ""material""]",[],[],current,Require explicit county service plus both systems in commercial work; headquarters may be elsewhere.,"[{""id"": ""requirements"", ""description"": ""Find commercial roofing contractors serving Miami-Dade County, Florida, United States, that explicitly install both standing-seam metal roofs and TPO membrane roofs. Acceptance interpretation: Require explicit county service plus both systems in commercial work; headquarters may be elsewhere."", ""evidence_types"": [""public_text""]}]","{""op"": ""condition"", ""condition_id"": ""requirements"", ""children"": []}",One independently operating company; do not merge distinct subsidiaries solely because they share a parent.,Service-area evidence and commercial service pages for both roof systems.,"[""public_text""]",Public evidence may be incomplete; absence of evidence is unknown.,unknown,unverified,Residential-only roofers may appear for the same materials.,Roofing supplies and contractor-management tools,original,[],[],,AND,public_web,2.0.0,semantic
CSB-211,186,"Find construction companies awarded a contract to build a data center in the United Kingdom in the last 180 days, where the announcement names them as main contractor and states project capacity of at least 20 megawatts.",Procurement and contract wins,L3,Construction and real estate,United Kingdom,operations,unconstrained,main contractor,"[""project_country"", ""contractor_role"", ""capacity_threshold""]","[""construction_contract_award""]","[""time_sensitive""]",last_180_days,Require awarded main-contractor role on UK project and capacity threshold; preserve whether stated MW is IT or total facility capacity. Return contractor.,"[{""id"": ""requirements"", ""description"": ""Find construction companies awarded a contract to build a data center in the United Kingdom in the last 180 days, where the announcement names them as main contractor and states project capacity of at least 20 megawatts. Acceptance interpretation: Require awarded main-contractor role on UK project and capacity threshold; preserve whether stated MW is IT or total facility capacity. Return contractor."", ""evidence_types"": [""public_text""]}]","{""op"": ""condition"", ""condition_id"": ""requirements"", ""children"": []}",One independently operating company; do not merge distinct subsidiaries solely because they share a parent.,"Award announcement/date, main-contractor name, site and stated MW capacity.","[""public_text""]",Public evidence may be incomplete; absence of evidence is unknown.,unknown,unverified,"A design consultant, speculative bid or unrelated campus capacity may be mistaken for the award.",Construction materials and site-operations sales,original,[],[],,AND,public_web,2.0.0,signals
CSB-212,187,Find companies headquartered in Sweden that manufacture volumetric modular buildings in their own factories and deliver turnkey healthcare-building projects.,Semantic niche,L3,Construction and real estate,Sweden,HQ,unconstrained,modular manufacturer and contractor,"[""headquarters"", ""manufacturing_role"", ""construction_method"", ""customer_vertical""]",[],[],current,Require own-factory production and turnkey healthcare delivery from same group; panel-only suppliers fail.,"[{""id"": ""requirements"", ""description"": ""Find companies headquartered in Sweden that manufacture volumetric modular buildings in their own factories and deliver turnkey healthcare-building projects. Acceptance interpretation: Require own-factory production and turnkey healthcare delivery from same group; panel-only suppliers fail."", ""evidence_types"": [""public_text""]}]","{""op"": ""condition"", ""condition_id"": ""requirements"", ""children"": []}",One independently operating company; do not merge distinct subsidiaries solely because they share a parent.,"Factory operations, volumetric module description and completed healthcare project or service evidence.","[""public_text""]",Public evidence may be incomplete; absence of evidence is unknown.,unknown,unverified,Marketing terms such as modular can describe panels rather than complete volumetric modules.,Offsite construction components and design partnerships,original,[],[],,JOIN,public_web,2.0.0,semantic
CSB-213,188,Find construction companies headquartered in the United States that received a new US federal prime contract in the last 365 days for water-treatment construction with at least $5 million in obligations on the initial award action.,Procurement and contract wins,L3,Construction and real estate,United States,HQ,unconstrained,construction contractor,"[""headquarters"", ""customer_vertical"", ""contract_type"", ""obligation_threshold"", ""project_type""]","[""federal_contract_award""]","[""time_sensitive""]",last_365_days,"Require new prime contract and initial obligated dollars at threshold; exclude grants, subawards and ceiling-only amounts; deduplicate recipient group.","[{""id"": ""requirements"", ""description"": ""Find construction companies headquartered in the United States that received a new US federal prime contract in the last 365 days for water-treatment construction with at least $5 million in obligations on the initial award action. Acceptance interpretation: Require new prime contract and initial obligated dollars at threshold; exclude grants, subawards and ceiling-only amounts; deduplicate recipient group."", ""evidence_types"": [""public_text""]}]","{""op"": ""condition"", ""condition_id"": ""requirements"", ""children"": []}",One independently operating company; do not merge distinct subsidiaries solely because they share a parent.,"Award ID, initial action date/obligation, recipient, project description and HQ.","[""public_text""]",Public evidence may be incomplete; absence of evidence is unknown.,unknown,unverified,Maximum potential contract value can be much larger than obligated funding.,"Teaming, water-treatment equipment and contractor services",source_inspired,"[""I07""]","[""https://www.usaspending.gov/search""]",,JOIN,public_web,2.0.0,signals
CSB-214,189,Find publicly listed engineering and construction companies headquartered in Canada that reported year-over-year backlog growth of at least 15% in their latest published fiscal quarter and explicitly attributed part of the increase to energy projects.,Operating metrics,L4,Construction and real estate,Canada,HQ,unconstrained,engineering and construction,"[""headquarters"", ""public_status"", ""backlog_growth_threshold"", ""customer_vertical""]","[""backlog_growth""]","[""time_sensitive""]",latest_published_fiscal_quarter,Use same backlog definition and currency on both periods; require explicit energy attribution and report available by run date; return issuer operating group.,"[{""id"": ""requirements"", ""description"": ""Find publicly listed engineering and construction companies headquartered in Canada that reported year-over-year backlog growth of at least 15% in their latest published fiscal quarter and explicitly attributed part of the increase to energy projects. Acceptance interpretation: Use same backlog definition and currency on both periods; require explicit energy attribution and report available by run date; return issuer operating group."", ""evidence_types"": [""public_text""]}]","{""op"": ""condition"", ""condition_id"": ""requirements"", ""children"": []}",One independently operating company; do not merge distinct subsidiaries solely because they share a parent.,"Quarterly report, comparable prior-year backlog, calculation and energy-project explanation.","[""public_text""]",Public evidence may be incomplete; absence of evidence is unknown.,unknown,unverified,Acquisition or metric-definition changes may make reported backlog figures noncomparable.,Engineering software and project-delivery services,original,[],[],,JOIN,public_web,2.0.0,semantic
CSB-215,190,"Find commercial HVAC service companies that opened their first operating branch in Arizona, United States, during the last 365 days and explicitly provide 24-hour emergency service.",Expansion,L4,Construction and real estate,United States: Arizona,operations,unconstrained,service contractor,"[""operating_state"", ""first_market_entry"", ""emergency_service""]","[""branch_opening""]","[""time_sensitive""]",last_365_days,"Require source expressly describing first Arizona branch and actual opening in-window; positive first-entry evidence required, not absence of older pages.","[{""id"": ""requirements"", ""description"": ""Find commercial HVAC service companies that opened their first operating branch in Arizona, United States, during the last 365 days and explicitly provide 24-hour emergency service. Acceptance interpretation: Require source expressly describing first Arizona branch and actual opening in-window; positive first-entry evidence required, not absence of older pages."", ""evidence_types"": [""public_text""]}]","{""op"": ""condition"", ""condition_id"": ""requirements"", ""children"": []}",One independently operating company; do not merge distinct subsidiaries solely because they share a parent.,"Dated first-Arizona-branch announcement, address and emergency-service page.","[""public_text""]",Public evidence may be incomplete; absence of evidence is unknown.,unknown,unverified,A new office can be a relocation rather than first state entry.,Field-service software and HVAC distribution,original,[],[],,JOIN,public_web,2.0.0,signals
CSB-216,191,"Find commercial companies operating at least 100 megawatts of utility-scale solar generation in Texas, United States, according to the latest available EIA-860 annual dataset.",Operating metrics,L3,Energy and utilities,United States: Texas,operations,100+ MW operating solar,power generation operator,"[""operating_state"", ""generation_type"", ""capacity_threshold"", ""operator_role""]",[],"[""time_sensitive""]",latest_available_EIA860_annual_release,Sum Texas operating solar generator nameplate capacity by corporate operator; exclude proposed/standby/out-of-service assets and public agencies. Return corporate account once.,"[{""id"": ""requirements"", ""description"": ""Find commercial companies operating at least 100 megawatts of utility-scale solar generation in Texas, United States, according to the latest available EIA-860 annual dataset. Acceptance interpretation: Sum Texas operating solar generator nameplate capacity by corporate operator; exclude proposed/standby/out-of-service assets and public agencies. Return corporate account once."", ""evidence_types"": [""public_text""]}]","{""op"": ""condition"", ""condition_id"": ""requirements"", ""children"": []}",One independently operating company; do not merge distinct subsidiaries solely because they share a parent.,"Dataset vintage, operating-status generators, nameplate MW, operator and company mapping.","[""public_text""]",Public evidence may be incomplete; absence of evidence is unknown.,unknown,unverified,"Project owners may differ from operators, and operable tables contain nonoperating status codes.",Solar asset monitoring and maintenance,source_inspired,"[""I06""]","[""https://www.eia.gov/electricity/data/eia860/""]",,JOIN,public_web,2.0.0,semantic
CSB-217,192,Find companies that commissioned a battery energy-storage project of at least 50 megawatts in Australia in the last 180 days and retained ownership of the project after commissioning.,Expansion,L4,Energy and utilities,Australia,operations,unconstrained,energy asset owner,"[""operating_country"", ""asset_type"", ""capacity_threshold"", ""owner_role""]","[""asset_commissioning""]","[""time_sensitive""]",last_180_days,"Require commissioned project and continuing owner at run date; return commercial owner group, consolidating project vehicles.","[{""id"": ""requirements"", ""description"": ""Find companies that commissioned a battery energy-storage project of at least 50 megawatts in Australia in the last 180 days and retained ownership of the project after commissioning. Acceptance interpretation: Require commissioned project and continuing owner at run date; return commercial owner group, consolidating project vehicles."", ""evidence_types"": [""public_text""]}]","{""op"": ""condition"", ""condition_id"": ""requirements"", ""children"": []}",One independently operating company; do not merge distinct subsidiaries solely because they share a parent.,"Commercial-operation/commissioning date, MW rating and ownership disclosure.","[""public_text""]",Public evidence may be incomplete; absence of evidence is unknown.,unknown,unverified,"Megawatt-hours measure energy, not the requested megawatt power capacity.",Storage asset management and insurance services,original,[],[],,JOIN,public_web,2.0.0,signals
CSB-218,193,"Find commercial EV charging-network operators with at least 50 publicly accessible DC fast-charging locations in France, excluding roaming aggregators without their own operated network.",Operating footprint,L3,Energy and utilities,France,operations,50+ charging locations,charging-network operator,"[""operating_country"", ""location_count"", ""asset_type"", ""operator_role""]",[],[],current,"Count distinct operated French sites, not plugs; require at least 50 and corporate operator identity; partner roaming locations do not count.","[{""id"": ""requirements"", ""description"": ""Find commercial EV charging-network operators with at least 50 publicly accessible DC fast-charging locations in France, excluding roaming aggregators without their own operated network. Acceptance interpretation: Count distinct operated French sites, not plugs; require at least 50 and corporate operator identity; partner roaming locations do not count."", ""evidence_types"": [""public_text""]}]","{""op"": ""condition"", ""condition_id"": ""requirements"", ""children"": []}",One independently operating company; do not merge distinct subsidiaries solely because they share a parent.,Operator network map or dated location inventory with charging type and public access.,"[""public_text""]",Public evidence may be incomplete; absence of evidence is unknown.,unknown,unverified,"Charging connectors, stations and physical locations are different units.","Charging maintenance, payments and energy-management sales",original,[],[],,THRESHOLD,public_web,2.0.0,firmographic
CSB-219,194,Find companies operating anaerobic digestion plants in Denmark that accept food waste from external commercial customers and sell biogas or biomethane.,Product and business model,L2,Energy and utilities,Denmark,operations,unconstrained,waste-to-energy operator,"[""operating_country"", ""feedstock"", ""external_customer"", ""output_product""]",[],[],current,All three activities must occur within same corporate group in Denmark; exclude equipment vendors and proposed plants.,"[{""id"": ""requirements"", ""description"": ""Find companies operating anaerobic digestion plants in Denmark that accept food waste from external commercial customers and sell biogas or biomethane. Acceptance interpretation: All three activities must occur within same corporate group in Denmark; exclude equipment vendors and proposed plants."", ""evidence_types"": [""public_text""]}]","{""op"": ""condition"", ""condition_id"": ""requirements"", ""children"": []}",One corporate group; brands and subsidiaries of that group receive one credit.,"Operating plant evidence, commercial food-waste acceptance and product sale description.","[""public_text""]",Public evidence may be incomplete; absence of evidence is unknown.,unknown,unverified,Farm-only digestion may not accept external commercial food waste.,Feedstock logistics and process instrumentation,original,[],[],,AND,public_web,2.0.0,semantic
CSB-220,195,Find commercial rooftop-solar installation companies headquartered in South Africa that announced entering the battery-storage installation market in the last 365 days and have published at least one completed customer storage project.,Expansion,L4,Energy and utilities,South Africa,HQ,unconstrained,solar and storage installer,"[""headquarters"", ""customer_vertical"", ""completed_project""]","[""new_service_launch""]","[""time_sensitive""]",last_365_days,Require explicit market/service entry in-window followed by completed storage installation; return installer company.,"[{""id"": ""requirements"", ""description"": ""Find commercial rooftop-solar installation companies headquartered in South Africa that announced entering the battery-storage installation market in the last 365 days and have published at least one completed customer storage project. Acceptance interpretation: Require explicit market/service entry in-window followed by completed storage installation; return installer company."", ""evidence_types"": [""public_text""]}]","{""op"": ""condition"", ""condition_id"": ""requirements"", ""children"": []}",One independently operating company; do not merge distinct subsidiaries solely because they share a parent.,Dated new-service launch and completed customer project evidence by run date.,"[""public_text""]",Public evidence may be incomplete; absence of evidence is unknown.,unknown,unverified,An announced battery distribution partnership is not a completed installation.,Installer channel and storage hardware sales,original,[],[],,SEQUENCE,public_web,2.0.0,signals
CSB-221,196,Find offshore-wind maintenance companies headquartered in the United Kingdom or Norway that offer blade repair and publish evidence of rope-access crews working on an offshore wind project.,Semantic niche,L3,Energy and utilities,United Kingdom; Norway,HQ,unconstrained,maintenance contractor,"[""headquarters"", ""service_offering"", ""project_evidence""]",[],[],current,"Require qualifying HQ and both service/project constraints in same company; return contractor, not training provider.","[{""id"": ""requirements"", ""description"": ""Find offshore-wind maintenance companies headquartered in the United Kingdom or Norway that offer blade repair and publish evidence of rope-access crews working on an offshore wind project. Acceptance interpretation: Require qualifying HQ and both service/project constraints in same company; return contractor, not training provider."", ""evidence_types"": [""public_text""]}]","{""op"": ""condition"", ""condition_id"": ""requirements"", ""children"": []}",One independently operating company; do not merge distinct subsidiaries solely because they share a parent.,"HQ, blade-repair offering and identifiable offshore rope-access project evidence.","[""public_text""]",Public evidence may be incomplete; absence of evidence is unknown.,unknown,unverified,Onshore rope-access work does not demonstrate offshore experience.,Specialist safety equipment and field-operations services,original,[],[],,JOIN,public_web,2.0.0,semantic
CSB-222,197,Find active FDIC-insured banks headquartered in the United States with total assets between $1 billion and $10 billion in their latest publicly available quarter and at least 20 operating domestic branches.,Operating metrics,L3,Financial services,United States,HQ,$1B-$10B assets; 20+ branches,bank,"[""headquarters"", ""institution_status"", ""asset_range"", ""branch_count_threshold""]",[],"[""time_sensitive""]",latest_published_quarter_and_current_branch_data,"Apply assets at charter level and count operating domestic branches; return qualifying bank domain, consolidate same-parent results and retain qualifying charter IDs.","[{""id"": ""requirements"", ""description"": ""Find active FDIC-insured banks headquartered in the United States with total assets between $1 billion and $10 billion in their latest publicly available quarter and at least 20 operating domestic branches. Acceptance interpretation: Apply assets at charter level and count operating domestic branches; return qualifying bank domain, consolidate same-parent results and retain qualifying charter IDs."", ""evidence_types"": [""public_text""]}]","{""op"": ""condition"", ""condition_id"": ""requirements"", ""children"": []}",One bank charter; separate charters may share a parent company.,"FDIC institution/financial record, reporting quarter, asset value and current branch list.","[""public_text""]",Public evidence may be incomplete; absence of evidence is unknown.,unknown,unverified,Holding-company assets or historical branches may be mixed with charter-level figures.,"Bank operations, risk and branch technology sales",source_inspired,"[""I11""]","[""https://banks.data.fdic.gov/bankfind-suite/""]",,JOIN,public_web,2.0.0,semantic
CSB-223,198,Find commercial banks headquartered in the United States that opened at least five new full-service branches in the last 365 days and currently operate branches in at least three US states.,Expansion,L4,Financial services,United States,HQ,unconstrained,bank,"[""headquarters"", ""branch_opening_threshold"", ""state_count_threshold""]","[""branch_opening""]","[""time_sensitive""]",last_365_days,"Count newly established full-service offices, not acquired or relocated branches; require three operating states; return one corporate banking account.","[{""id"": ""requirements"", ""description"": ""Find commercial banks headquartered in the United States that opened at least five new full-service branches in the last 365 days and currently operate branches in at least three US states. Acceptance interpretation: Count newly established full-service offices, not acquired or relocated branches; require three operating states; return one corporate banking account."", ""evidence_types"": [""public_text""]}]","{""op"": ""condition"", ""condition_id"": ""requirements"", ""children"": []}",One independently operating company; do not merge distinct subsidiaries solely because they share a parent.,"Branch establishment dates, service types, active statuses and state coverage.","[""public_text""]",Public evidence may be incomplete; absence of evidence is unknown.,unknown,unverified,An acquired branch may have a recent ownership change but an old opening date.,"Branch security, connectivity and payments infrastructure",source_inspired,"[""I11""]","[""https://banks.data.fdic.gov/bankfind-suite/""]",,JOIN,public_web,2.0.0,signals
CSB-224,199,Find insurance brokerages headquartered in the United Kingdom that offer a dedicated commercial marine-cargo insurance practice and publish a client case study involving a food exporter.,Semantic niche,L3,Financial services,United Kingdom,HQ,unconstrained,insurance brokerage,"[""headquarters"", ""insurance_specialty"", ""customer_vertical"", ""case_study""]",[],[],current,"Require brokerage role, marine-cargo specialty and food-exporter client evidence; return brokerage group.","[{""id"": ""requirements"", ""description"": ""Find insurance brokerages headquartered in the United Kingdom that offer a dedicated commercial marine-cargo insurance practice and publish a client case study involving a food exporter. Acceptance interpretation: Require brokerage role, marine-cargo specialty and food-exporter client evidence; return brokerage group."", ""evidence_types"": [""public_text""]}]","{""op"": ""condition"", ""condition_id"": ""requirements"", ""children"": []}",One independently operating company; do not merge distinct subsidiaries solely because they share a parent.,"HQ, practice description and identifiable exporter case study.","[""public_text""]",Public evidence may be incomplete; absence of evidence is unknown.,unknown,unverified,General trade-insurance marketing may mention food without showing a client relationship.,Insurance data and broker workflow sales,original,[],[],,JOIN,public_web,2.0.0,semantic
CSB-225,200,Find payment-service companies headquartered in Kenya that offer merchant payment collection in both Kenyan shillings and Ugandan shillings and explicitly support recurring subscription payments.,Product and business model,L2,Financial services,Kenya; Uganda,mixed,unconstrained,payment services,"[""headquarters"", ""supported_currencies"", ""payment_capability""]",[],[],current,Require both currencies for collecting merchant payments and recurring functionality; settlement-only currencies do not qualify.,"[{""id"": ""requirements"", ""description"": ""Find payment-service companies headquartered in Kenya that offer merchant payment collection in both Kenyan shillings and Ugandan shillings and explicitly support recurring subscription payments. Acceptance interpretation: Require both currencies for collecting merchant payments and recurring functionality; settlement-only currencies do not qualify."", ""evidence_types"": [""public_text""]}]","{""op"": ""condition"", ""condition_id"": ""requirements"", ""children"": []}",One independently operating company; do not merge distinct subsidiaries solely because they share a parent.,"Kenyan HQ and merchant product documentation for KES, UGX and recurring collection.","[""public_text""]",Public evidence may be incomplete; absence of evidence is unknown.,unknown,unverified,Cross-border payout support can be confused with merchant payment collection.,Payments partnerships and fraud tooling,original,[],[],,AND,public_web,2.0.0,semantic
CSB-226,201,"Find commercial lenders headquartered in the United States that explicitly offer purchase-order financing to importers and state that they fund transactions of $500,000 or less.",Product and business model,L2,Financial services,United States,HQ,unconstrained,commercial lender,"[""headquarters"", ""financing_product"", ""customer_vertical"", ""transaction_size""]",[],[],current,"Require direct financing provider and a range including at least one transaction size at or below $500,000; broker-only listings fail.","[{""id"": ""requirements"", ""description"": ""Find commercial lenders headquartered in the United States that explicitly offer purchase-order financing to importers and state that they fund transactions of $500,000 or less. Acceptance interpretation: Require direct financing provider and a range including at least one transaction size at or below $500,000; broker-only listings fail."", ""evidence_types"": [""public_text""]}]","{""op"": ""condition"", ""condition_id"": ""requirements"", ""children"": []}",One independently operating company; do not merge distinct subsidiaries solely because they share a parent.,"HQ, importer purchase-order product and published qualifying funding range.","[""public_text""]",Public evidence may be incomplete; absence of evidence is unknown.,unknown,unverified,Invoice factoring is different from funding purchase orders.,Loan-origination and trade-risk services,original,[],[],,AND,public_web,2.0.0,semantic
CSB-227,202,Find insurance carriers operating in the United States that launched a standalone cyber-insurance product for manufacturers during the last 365 days and name a distribution partnership with a broker or managing general agent for that product.,Product and business-model change,L4,Financial services,United States,customers,unconstrained,insurance carrier,"[""market_country"", ""customer_vertical"", ""product_category"", ""partner_relationship""]","[""product_launch"", ""distribution_partnership""]","[""time_sensitive""]",last_365_days,"Require standalone cyber product launched in-window for manufacturers; identify carrier operating company, not distributor.","[{""id"": ""requirements"", ""description"": ""Find insurance carriers operating in the United States that launched a standalone cyber-insurance product for manufacturers during the last 365 days and name a distribution partnership with a broker or managing general agent for that product. Acceptance interpretation: Require standalone cyber product launched in-window for manufacturers; identify carrier operating company, not distributor."", ""evidence_types"": [""public_text""]}]","{""op"": ""condition"", ""condition_id"": ""requirements"", ""children"": []}",One independently operating company; do not merge distinct subsidiaries solely because they share a parent.,"Dated product launch, carrier underwriting role and named product-specific distributor.","[""public_text""]",Public evidence may be incomplete; absence of evidence is unknown.,unknown,unverified,A general cyber offering or bundled endorsement can be mistaken for a new standalone product.,Insurance distribution and underwriting data partnerships,original,[],[],,JOIN,public_web,2.0.0,signals
CSB-228,203,Find coffee-exporting companies with handling operations in Colombia that currently hold USDA organic certification covering coffee and publicly state that they export to the United States.,Credentials and certifications,L3,Agriculture and food,Colombia; United States,mixed,unconstrained,agricultural exporter,"[""operating_country"", ""customer_geography"", ""commodity"", ""certificate_scope""]",[],"[""time_sensitive""]",current,"Require certified Colombian handling operation plus company-declared US exports; return commercial exporter domain, not certification body.","[{""id"": ""requirements"", ""description"": ""Find coffee-exporting companies with handling operations in Colombia that currently hold USDA organic certification covering coffee and publicly state that they export to the United States. Acceptance interpretation: Require certified Colombian handling operation plus company-declared US exports; return commercial exporter domain, not certification body."", ""evidence_types"": [""public_text""]}]","{""op"": ""condition"", ""condition_id"": ""requirements"", ""children"": []}",One independently operating company; do not merge distinct subsidiaries solely because they share a parent.,"Current Organic Integrity operation record, coffee scope and explicit US export statement.","[""public_text""]",Public evidence may be incomplete; absence of evidence is unknown.,unknown,unverified,"Certification alone does not prove US shipments, and import-certificate data are not public.","Trade finance, traceability and ocean-freight prospecting",source_inspired,"[""I02""]","[""https://www.ams.usda.gov/rules-regulations/strengthening-organic-enforcement/faq""]",,JOIN,public_web,2.0.0,ecosystem
CSB-229,204,Find grain-handling companies operating in Canada that currently have USDA organic certification covering oats and explicitly offer third-party storage as a commercial service.,Credentials and certifications,L3,Agriculture and food,Canada,operations,unconstrained,grain handler,"[""operating_country"", ""commodity"", ""certificate_scope"", ""external_service""]",[],"[""time_sensitive""]",current,"Match Canadian handling operation, current oats scope and third-party storage offering to same company.","[{""id"": ""requirements"", ""description"": ""Find grain-handling companies operating in Canada that currently have USDA organic certification covering oats and explicitly offer third-party storage as a commercial service. Acceptance interpretation: Match Canadian handling operation, current oats scope and third-party storage offering to same company."", ""evidence_types"": [""public_text""]}]","{""op"": ""condition"", ""condition_id"": ""requirements"", ""children"": []}",One independently operating company; do not merge distinct subsidiaries solely because they share a parent.,Current organic operation certificate/registry record and oats/storage service pages.,"[""public_text""]",Public evidence may be incomplete; absence of evidence is unknown.,unknown,unverified,A certified farm storing only its own crop is not a commercial storage provider.,Grain testing and inventory-control sales,source_inspired,"[""I02""]","[""https://www.ams.usda.gov/rules-regulations/strengthening-organic-enforcement/faq""]",,JOIN,public_web,2.0.0,ecosystem
CSB-230,205,Find companies operating commercial hydroponic greenhouses in the United Arab Emirates that grow leafy greens and publish evidence that their growing system recirculates water.,Semantic niche,L2,Agriculture and food,United Arab Emirates,operations,unconstrained,commercial grower,"[""operating_country"", ""production_method"", ""crop"", ""water_recirculation""]",[],[],current,Require actual commercial grower using recirculation; return operator company; equipment suppliers and concept farms fail.,"[{""id"": ""requirements"", ""description"": ""Find companies operating commercial hydroponic greenhouses in the United Arab Emirates that grow leafy greens and publish evidence that their growing system recirculates water. Acceptance interpretation: Require actual commercial grower using recirculation; return operator company; equipment suppliers and concept farms fail."", ""evidence_types"": [""public_text""]}]","{""op"": ""condition"", ""condition_id"": ""requirements"", ""children"": []}",One independently operating company; do not merge distinct subsidiaries solely because they share a parent.,"Operating greenhouse evidence, crop list and specific water-system description.","[""public_text""]",Public evidence may be incomplete; absence of evidence is unknown.,unknown,unverified,Marketing claims of low water usage do not establish recirculation.,Controlled-environment agriculture sensors and nutrients,original,[],[],,AND,public_web,2.0.0,semantic
CSB-231,206,Find companies operating food-manufacturing plants in Thailand that offer private-label sauces and have a current FSSC 22000 certificate covering sauce production at the manufacturing site.,Credentials and certifications,L3,Agriculture and food,Thailand,operations,unconstrained,contract food manufacturer,"[""operating_country"", ""product"", ""private_label"", ""certificate_scope""]",[],"[""time_sensitive""]",current,Verify current certificate scope at a Thai production site and service offered by same company; consolidate plants into account.,"[{""id"": ""requirements"", ""description"": ""Find companies operating food-manufacturing plants in Thailand that offer private-label sauces and have a current FSSC 22000 certificate covering sauce production at the manufacturing site. Acceptance interpretation: Verify current certificate scope at a Thai production site and service offered by same company; consolidate plants into account."", ""evidence_types"": [""public_text""]}]","{""op"": ""condition"", ""condition_id"": ""requirements"", ""children"": []}",One independently operating company; do not merge distinct subsidiaries solely because they share a parent.,FSSC record/status/scope/site plus private-label sauce offering.,"[""public_text""]",Public evidence may be incomplete; absence of evidence is unknown.,unknown,unverified,A group certificate or distribution-site certificate may not cover the sauce plant.,"Ingredients, packaging and private-label partnerships",source_inspired,"[""I03""]","[""https://www.fssc.com/public-register/""]",,JOIN,public_web,2.0.0,ecosystem
CSB-232,207,"Find food-manufacturing companies that initiated a recall of refrigerated ready-to-eat food sold in the United States during the last 30 days, according to a dated FDA recall announcement.",Regulatory events,L3,Agriculture and food,United States,customers,unconstrained,food manufacturer,"[""market_country"", ""product_category"", ""storage_temperature""]","[""product_recall""]","[""time_sensitive""]",last_30_days,Require manufacturer identity and initiation in-window; return company account once; do not infer fault or continuing contamination.,"[{""id"": ""requirements"", ""description"": ""Find food-manufacturing companies that initiated a recall of refrigerated ready-to-eat food sold in the United States during the last 30 days, according to a dated FDA recall announcement. Acceptance interpretation: Require manufacturer identity and initiation in-window; return company account once; do not infer fault or continuing contamination."", ""evidence_types"": [""public_text""]}]","{""op"": ""condition"", ""condition_id"": ""requirements"", ""children"": []}",One independently operating company; do not merge distinct subsidiaries solely because they share a parent.,"FDA-hosted announcement, company/product, refrigeration requirement and recall initiation date.","[""public_text""]",Public evidence may be incomplete; absence of evidence is unknown.,unknown,unverified,Publication date may differ from when recall began.,Food traceability and recall-management services,original,[],[],,AND,public_web,2.0.0,signals
CSB-233,208,"Find commercial aquaculture companies operating in Norway that raise salmon entirely in land-based recirculating aquaculture systems and report at least 1,000 tonnes of actual salmon harvest in their latest complete fiscal year.",Operating metrics,L4,Agriculture and food,Norway,operations,"1,000+ tonnes annual harvest",aquaculture producer,"[""operating_country"", ""species"", ""production_system"", ""harvest_threshold""]",[],"[""time_sensitive""]",latest_complete_fiscal_year_report_published_by_run_date,"Require land-based grow-out through harvest, not smolt-only production; use actual harvest not designed capacity; return operating group.","[{""id"": ""requirements"", ""description"": ""Find commercial aquaculture companies operating in Norway that raise salmon entirely in land-based recirculating aquaculture systems and report at least 1,000 tonnes of actual salmon harvest in their latest complete fiscal year. Acceptance interpretation: Require land-based grow-out through harvest, not smolt-only production; use actual harvest not designed capacity; return operating group."", ""evidence_types"": [""public_text""]}]","{""op"": ""condition"", ""condition_id"": ""requirements"", ""children"": []}",One independently operating company; do not merge distinct subsidiaries solely because they share a parent.,"Norwegian operating-site evidence, system description and fiscal-year harvested tonnes.","[""public_text""]",Public evidence may be incomplete; absence of evidence is unknown.,unknown,unverified,Target capacity and juvenile production can be mistaken for harvested salmon volume.,"Aquaculture feed, monitoring and logistics sales",original,[],[],,JOIN,public_web,2.0.0,semantic
CSB-234,209,Find commercial training companies headquartered in the United Kingdom that deliver employer-funded apprenticeships in both engineering and business administration.,Product and business model,L2,Education and training,United Kingdom,HQ,unconstrained,training provider,"[""headquarters"", ""training_topics"", ""funding_model"", ""customer_vertical""]",[],[],current,Require provider company offering both apprenticeship areas to employers; exclude public colleges and course-listing aggregators.,"[{""id"": ""requirements"", ""description"": ""Find commercial training companies headquartered in the United Kingdom that deliver employer-funded apprenticeships in both engineering and business administration. Acceptance interpretation: Require provider company offering both apprenticeship areas to employers; exclude public colleges and course-listing aggregators."", ""evidence_types"": [""public_text""]}]","{""op"": ""condition"", ""condition_id"": ""requirements"", ""children"": []}",One independently operating company; do not merge distinct subsidiaries solely because they share a parent.,"HQ, employer-apprenticeship offerings in both subjects and commercial company identity.","[""public_text""]",Public evidence may be incomplete; absence of evidence is unknown.,unknown,unverified,A course marketplace may list providers without delivering apprenticeships.,Employer-training partnerships and learning operations,original,[],[],,AND,public_web,2.0.0,semantic
CSB-235,210,Find companies operating at least five private nursery locations in Singapore that offer a bilingual English-Mandarin curriculum at every location counted.,Operating footprint,L3,Education and training,Singapore,operations,5+ locations,private nursery operator,"[""operating_country"", ""location_count"", ""curriculum"", ""language""]",[],[],current,Count five active nurseries operated by same group and covered by curriculum statement; return operator company.,"[{""id"": ""requirements"", ""description"": ""Find companies operating at least five private nursery locations in Singapore that offer a bilingual English-Mandarin curriculum at every location counted. Acceptance interpretation: Count five active nurseries operated by same group and covered by curriculum statement; return operator company."", ""evidence_types"": [""public_text""]}]","{""op"": ""condition"", ""condition_id"": ""requirements"", ""children"": []}",One independently operating company; do not merge distinct subsidiaries solely because they share a parent.,Current location directory and site-specific or groupwide bilingual curriculum evidence.,"[""public_text""]",Public evidence may be incomplete; absence of evidence is unknown.,unknown,unverified,Franchise locations or language enrichment classes may not share the stated full curriculum.,"Nursery management, learning materials and payments",original,[],[],,JOIN,public_web,2.0.0,firmographic
CSB-236,211,Find commercial school groups that opened a new international-school campus in Saudi Arabia during the last 365 days and publicly identify at least one operating school in another country under the same corporate group.,Expansion,L4,Education and training,Saudi Arabia; at least one other country,operations,unconstrained,commercial school group,"[""operating_country"", ""multinational_footprint"", ""school_type""]","[""campus_opening""]","[""time_sensitive""]",last_365_days,Require corporate operator and actual campus opening in-window; consolidate school brands; exclude public agencies and future campus plans.,"[{""id"": ""requirements"", ""description"": ""Find commercial school groups that opened a new international-school campus in Saudi Arabia during the last 365 days and publicly identify at least one operating school in another country under the same corporate group. Acceptance interpretation: Require corporate operator and actual campus opening in-window; consolidate school brands; exclude public agencies and future campus plans."", ""evidence_types"": [""public_text""]}]","{""op"": ""condition"", ""condition_id"": ""requirements"", ""children"": []}",One independently operating company; do not merge distinct subsidiaries solely because they share a parent.,"Actual opening date, Saudi address, group structure and another operating foreign school.","[""public_text""]",Public evidence may be incomplete; absence of evidence is unknown.,unknown,unverified,A licensed school brand may not be operated by the international brand owner.,"School systems, facilities and international curriculum sales",original,[],[],,JOIN,public_web,2.0.0,signals
CSB-237,212,Find commercial workforce-training providers that won a publicly announced contract with a manufacturing company in the United States during the last 90 days to train at least 100 of that customer's employees.,Procurement and contract wins,L3,Education and training,United States,customers,unconstrained,corporate training provider,"[""customer_geography"", ""customer_vertical"", ""learner_count_threshold""]","[""customer_contract_win""]","[""time_sensitive""]",last_90_days,Require awarded training contract and customer-specific 100-person scope; return training provider; planned generic partnerships do not qualify.,"[{""id"": ""requirements"", ""description"": ""Find commercial workforce-training providers that won a publicly announced contract with a manufacturing company in the United States during the last 90 days to train at least 100 of that customer's employees. Acceptance interpretation: Require awarded training contract and customer-specific 100-person scope; return training provider; planned generic partnerships do not qualify."", ""evidence_types"": [""public_text""]}]","{""op"": ""condition"", ""condition_id"": ""requirements"", ""children"": []}",One independently operating company; do not merge distinct subsidiaries solely because they share a parent.,"Dated award, named corporate customer, training scope and learner count.","[""public_text""]",Public evidence may be incomplete; absence of evidence is unknown.,unknown,unverified,Aggregate historical learners are different from the contract cohort.,"Training content, assessment and delivery partnerships",original,[],[],,JOIN,public_web,2.0.0,signals
CSB-238,213,Find commercial hotel groups operating all-inclusive beach resorts in Mexico.,Semantic niche,L1,Hospitality and leisure,Mexico,operations,unconstrained,hotel operator,"[""operating_country"", ""property_type"", ""business_model""]",[],"[""simple""]",current,"Return hotel operating group once; include at least one Mexican beachfront all-inclusive resort, excluding booking intermediaries.","[{""id"": ""requirements"", ""description"": ""Find commercial hotel groups operating all-inclusive beach resorts in Mexico. Acceptance interpretation: Return hotel operating group once; include at least one Mexican beachfront all-inclusive resort, excluding booking intermediaries."", ""evidence_types"": [""public_text""]}]","{""op"": ""condition"", ""condition_id"": ""requirements"", ""children"": []}",One independently operating company; do not merge distinct subsidiaries solely because they share a parent.,"Operating resort pages, all-inclusive description and group/operator relationship.","[""public_text""]",Public evidence may be incomplete; absence of evidence is unknown.,unknown,unverified,A hotel marketed under a group brand may be independently operated.,"Resort supplies, guest services and hospitality software",original,"[""I08""]","[""https://stories.hilton.com/releases/hilton-surpasses-200-hotels-in-canada-accelerates-multi-brand-expansion""]",,AND,public_web,2.0.0,semantic
CSB-239,214,"Find independent hotel-management companies operating at least ten hotels in Canada, including at least one Marriott-branded hotel and one Hilton-branded hotel.",Operating footprint,L3,Hospitality and leisure,Canada,operations,10+ hotels,hotel management services,"[""operating_country"", ""location_count"", ""brand_relationship"", ""management_role""]",[],[],current,"Require same independent management company with both brands and ten operating Canadian hotels; return manager, not franchisor or property shell.","[{""id"": ""requirements"", ""description"": ""Find independent hotel-management companies operating at least ten hotels in Canada, including at least one Marriott-branded hotel and one Hilton-branded hotel. Acceptance interpretation: Require same independent management company with both brands and ten operating Canadian hotels; return manager, not franchisor or property shell."", ""evidence_types"": [""public_text""]}]","{""op"": ""condition"", ""condition_id"": ""requirements"", ""children"": []}",One independently operating company; do not merge distinct subsidiaries solely because they share a parent.,"Current managed portfolio, ten Canadian properties and brand/operator mappings.","[""public_text""]",Public evidence may be incomplete; absence of evidence is unknown.,unknown,unverified,"Hotel ownership, management and franchise affiliation are separate relationships.",Hospitality procurement and operations systems,source_inspired,"[""I08""]","[""https://stories.hilton.com/releases/hilton-surpasses-200-hotels-in-canada-accelerates-multi-brand-expansion""]",,JOIN,public_web,2.0.0,firmographic
CSB-240,215,Find hotel-owning companies that announced a renovation budget of at least US$20 million for a hotel in the United States during the last 365 days and state that the hotel remains open during renovation.,Expansion,L3,Hospitality and leisure,United States,operations,unconstrained,hotel owner,"[""property_country"", ""renovation_budget_threshold"", ""operating_status"", ""owner_role""]","[""major_renovation""]","[""time_sensitive""]",last_365_days,"Require budget for one hotel at threshold and explicit continuing operation; return owning corporate group, consolidating property vehicles.","[{""id"": ""requirements"", ""description"": ""Find hotel-owning companies that announced a renovation budget of at least US$20 million for a hotel in the United States during the last 365 days and state that the hotel remains open during renovation. Acceptance interpretation: Require budget for one hotel at threshold and explicit continuing operation; return owning corporate group, consolidating property vehicles."", ""evidence_types"": [""public_text""]}]","{""op"": ""condition"", ""condition_id"": ""requirements"", ""children"": []}",One corporate group; brands and subsidiaries of that group receive one credit.,"Dated renovation announcement with budget, owner and operating-during-works statement.","[""public_text""]",Public evidence may be incomplete; absence of evidence is unknown.,unknown,unverified,A portfolio-wide investment figure may be mistaken for a single-property budget.,Renovation suppliers and guest-experience services,original,[],[],,JOIN,public_web,2.0.0,signals
CSB-241,216,Find restaurant companies operating in the United Arab Emirates that run at least three distinct restaurant brands and operate a central production kitchen serving their own restaurants.,Product and business model,L3,Hospitality and leisure,United Arab Emirates,operations,3+ brands,restaurant group,"[""operating_country"", ""brand_count_threshold"", ""central_kitchen"", ""ownership""]",[],[],current,Count three active owned or managed restaurant brands and explicit central production for own locations; return parent operator once.,"[{""id"": ""requirements"", ""description"": ""Find restaurant companies operating in the United Arab Emirates that run at least three distinct restaurant brands and operate a central production kitchen serving their own restaurants. Acceptance interpretation: Count three active owned or managed restaurant brands and explicit central production for own locations; return parent operator once."", ""evidence_types"": [""public_text""]}]","{""op"": ""condition"", ""condition_id"": ""requirements"", ""children"": []}",One independently operating company; do not merge distinct subsidiaries solely because they share a parent.,Brand portfolio and operated central-kitchen relationship.,"[""public_text""]",Public evidence may be incomplete; absence of evidence is unknown.,unknown,unverified,A delivery-only brand directory does not demonstrate common kitchen ownership.,"Food procurement, kitchen equipment and restaurant operations",original,[],[],,JOIN,public_web,2.0.0,semantic
CSB-242,217,Find sporting-goods retailers operating physical stores in France that let customers order online and collect purchases from a store.,Product and business model,L2,Retail and consumer goods,France,operations,unconstrained,retailer,"[""operating_country"", ""product_category"", ""physical_retail"", ""click_and_collect""]",[],[],current,Require French operating stores and pickup for online purchases; simple in-store reservation without ordering fails.,"[{""id"": ""requirements"", ""description"": ""Find sporting-goods retailers operating physical stores in France that let customers order online and collect purchases from a store. Acceptance interpretation: Require French operating stores and pickup for online purchases; simple in-store reservation without ordering fails."", ""evidence_types"": [""public_text""]}]","{""op"": ""condition"", ""condition_id"": ""requirements"", ""children"": []}",One independently operating company; do not merge distinct subsidiaries solely because they share a parent.,Store directory and current online-order/store-pickup instructions.,"[""public_text""]",Public evidence may be incomplete; absence of evidence is unknown.,unknown,unverified,Parcel pickup partners are not the retailer own stores.,Omnichannel commerce and store-operations sales,source_inspired,"[""I09""]","[""https://www.mckinsey.com/capabilities/growth-marketing-and-sales/our-insights/five-fundamental-truths-how-b2b-winners-keep-growing""]",,AND,public_web,2.0.0,semantic
CSB-243,218,Find grocery retailers headquartered in the United Kingdom that reported a net increase of at least 20 company-operated stores during their latest complete fiscal year.,Operating metrics,L3,Retail and consumer goods,United Kingdom,HQ,unconstrained,grocery retailer,"[""headquarters"", ""store_count_growth_threshold"", ""ownership""]","[""store_network_growth""]","[""time_sensitive""]",latest_complete_fiscal_year_report_published_by_run_date,Compute net company-operated opening increase consistently; exclude franchise-only stores and compare identical estate scope. Return retail group once.,"[{""id"": ""requirements"", ""description"": ""Find grocery retailers headquartered in the United Kingdom that reported a net increase of at least 20 company-operated stores during their latest complete fiscal year. Acceptance interpretation: Compute net company-operated opening increase consistently; exclude franchise-only stores and compare identical estate scope. Return retail group once."", ""evidence_types"": [""public_text""]}]","{""op"": ""condition"", ""condition_id"": ""requirements"", ""children"": []}",One independently operating company; do not merge distinct subsidiaries solely because they share a parent.,"Annual report store counts/openings/closures, fiscal-year dates and ownership definition.","[""public_text""]",Public evidence may be incomplete; absence of evidence is unknown.,unknown,unverified,Gross openings ignore closures and can overstate net expansion.,"Store rollout, merchandising and security sales",original,[],[],,THRESHOLD,public_web,2.0.0,semantic
CSB-244,219,Find consumer beauty companies headquartered in South Korea that sell their own skincare brand directly online and through at least three named third-party retail chains in the United States.,Product and business model,L3,Retail and consumer goods,South Korea; United States,mixed,unconstrained,consumer brand,"[""headquarters"", ""product_category"", ""own_brand"", ""direct_to_consumer"", ""retailer_count_threshold""]",[],[],current,Three distinct retail chains must currently carry same company brand; marketplace third-party seller listings alone fail. Consolidate brands by company.,"[{""id"": ""requirements"", ""description"": ""Find consumer beauty companies headquartered in South Korea that sell their own skincare brand directly online and through at least three named third-party retail chains in the United States. Acceptance interpretation: Three distinct retail chains must currently carry same company brand; marketplace third-party seller listings alone fail. Consolidate brands by company."", ""evidence_types"": [""public_text""]}]","{""op"": ""condition"", ""condition_id"": ""requirements"", ""children"": []}",One independently operating company; do not merge distinct subsidiaries solely because they share a parent.,"Korean HQ, own-brand ecommerce and current brand listings at three US retail chains.","[""public_text""]",Public evidence may be incomplete; absence of evidence is unknown.,unknown,unverified,US delivery availability does not establish US retail distribution.,Cross-border commerce and retail channel services,original,"[""I09""]","[""https://www.mckinsey.com/capabilities/growth-marketing-and-sales/our-insights/five-fundamental-truths-how-b2b-winners-keep-growing""]",,JOIN,public_web,2.0.0,semantic
CSB-245,220,"Find retailers operating in Germany that announced a new automated distribution center in the last 365 days, identify themselves as the facility operator, and publicly named the automation equipment supplier.",Expansion,L4,Retail and consumer goods,Germany,operations,unconstrained,retailer,"[""operating_country"", ""facility_role"", ""supplier_relationship""]","[""distribution_center_announcement"", ""automation_project""]","[""time_sensitive""]",last_365_days,"Announced projects qualify even before opening, but must be new centers with a named supplier and retailer operator; return retail company.","[{""id"": ""requirements"", ""description"": ""Find retailers operating in Germany that announced a new automated distribution center in the last 365 days, identify themselves as the facility operator, and publicly named the automation equipment supplier. Acceptance interpretation: Announced projects qualify even before opening, but must be new centers with a named supplier and retailer operator; return retail company."", ""evidence_types"": [""public_text""]}]","{""op"": ""condition"", ""condition_id"": ""requirements"", ""children"": []}",One independently operating company; do not merge distinct subsidiaries solely because they share a parent.,"Dated new-center announcement, German location, retailer operating role and named automation supplier.","[""public_text""]",Public evidence may be incomplete; absence of evidence is unknown.,unknown,unverified,A landlord project or upgrade at an existing center does not match a new retailer-operated center.,"Integration, racking and warehouse services",original,"[""I12""]","[""https://www.prologis.com/insights-news/success-stories/premium-guard-sees-dramatic-time-and-cost-savings-turnkey-warehouse""]",,JOIN,public_web,2.0.0,signals
CSB-246,221,Find accounting firms headquartered in the United States that publish a dedicated construction-industry practice and at least two named client case studies about construction contractors.,Semantic niche,L3,Professional and business services,United States,HQ,unconstrained,accounting services,"[""headquarters"", ""service_offering"", ""customer_vertical"", ""case_study_count""]",[],[],current,"Require accounting firm and two actual client engagements, not generic educational examples; return firm account.","[{""id"": ""requirements"", ""description"": ""Find accounting firms headquartered in the United States that publish a dedicated construction-industry practice and at least two named client case studies about construction contractors. Acceptance interpretation: Require accounting firm and two actual client engagements, not generic educational examples; return firm account."", ""evidence_types"": [""public_text""]}]","{""op"": ""condition"", ""condition_id"": ""requirements"", ""children"": []}",One independently operating company; do not merge distinct subsidiaries solely because they share a parent.,"HQ, practice page and two distinct named contractor case studies.","[""public_text""]",Public evidence may be incomplete; absence of evidence is unknown.,unknown,unverified,Anonymous hypotheticals or logos alone are not case studies.,Accounting partnerships and practice-management tools,original,[],[],,JOIN,public_web,2.0.0,semantic
CSB-247,222,Find commercial environmental-testing laboratories operating in Germany with current ISO/IEC 17025 accreditation whose published scope includes PFAS testing in drinking water.,Credentials and certifications,L3,Professional and business services,Germany,operations,unconstrained,commercial testing laboratory,"[""operating_country"", ""laboratory_specialty"", ""accreditation"", ""accreditation_scope""]",[],"[""time_sensitive""]",current,"Require PFAS drinking-water methods in current accredited scope for German lab; return corporate lab account, not accreditor.","[{""id"": ""requirements"", ""description"": ""Find commercial environmental-testing laboratories operating in Germany with current ISO/IEC 17025 accreditation whose published scope includes PFAS testing in drinking water. Acceptance interpretation: Require PFAS drinking-water methods in current accredited scope for German lab; return corporate lab account, not accreditor."", ""evidence_types"": [""public_text""]}]","{""op"": ""condition"", ""condition_id"": ""requirements"", ""children"": []}",One independently operating company; do not merge distinct subsidiaries solely because they share a parent.,"Accreditation body record, validity/status, exact scope/methods, drinking-water matrix and company mapping.","[""public_text""]",Public evidence may be incomplete; absence of evidence is unknown.,unknown,unverified,General laboratory accreditation does not mean a particular PFAS test or water matrix is accredited.,"Lab instruments, standards and data-management sales",original,[],[],,JOIN,public_web,2.0.0,ecosystem
CSB-248,223,Find commercial facility-management companies operating in Saudi Arabia that won a publicly announced contract in the last 180 days to manage at least five healthcare facilities for one corporate healthcare group.,Procurement and contract wins,L3,Professional and business services,Saudi Arabia,operations,unconstrained,facility management services,"[""operating_country"", ""customer_vertical"", ""location_count"", ""single_customer""]","[""customer_contract_win""]","[""time_sensitive""]",last_180_days,Require awarded facilities-management contract for five or more healthcare locations for same corporate customer; return contractor.,"[{""id"": ""requirements"", ""description"": ""Find commercial facility-management companies operating in Saudi Arabia that won a publicly announced contract in the last 180 days to manage at least five healthcare facilities for one corporate healthcare group. Acceptance interpretation: Require awarded facilities-management contract for five or more healthcare locations for same corporate customer; return contractor."", ""evidence_types"": [""public_text""]}]","{""op"": ""condition"", ""condition_id"": ""requirements"", ""children"": []}",One independently operating company; do not merge distinct subsidiaries solely because they share a parent.,"Dated award, scope/facility count and named corporate healthcare customer.","[""public_text""]",Public evidence may be incomplete; absence of evidence is unknown.,unknown,unverified,A bidder shortlist or portfolio-wide client count is not a single awarded contract.,"Facilities software, supplies and subcontracting",original,[],[],,JOIN,public_web,2.0.0,signals
CSB-249,224,Find engineering consultancies headquartered in Australia that publish at least two completed seawater-desalination plant projects and offer owners-engineer services for such projects.,Semantic niche,L3,Professional and business services,Australia,HQ,unconstrained,engineering consultancy,"[""headquarters"", ""project_type"", ""completed_project_count"", ""service_role""]",[],[],current,"Require two completed desalination plants and explicit owners-engineer offering; count projects, not duplicate phases; return consultancy.","[{""id"": ""requirements"", ""description"": ""Find engineering consultancies headquartered in Australia that publish at least two completed seawater-desalination plant projects and offer owners-engineer services for such projects. Acceptance interpretation: Require two completed desalination plants and explicit owners-engineer offering; count projects, not duplicate phases; return consultancy."", ""evidence_types"": [""public_text""]}]","{""op"": ""condition"", ""condition_id"": ""requirements"", ""children"": []}",One independently operating company; do not merge distinct subsidiaries solely because they share a parent.,"HQ, two distinct completed projects with stated consultancy role and owners-engineer service offering.","[""public_text""]",Public evidence may be incomplete; absence of evidence is unknown.,unknown,unverified,A project under design is not completed construction.,Engineering partnerships and project software,original,[],[],,JOIN,public_web,2.0.0,semantic
CSB-250,225,"Find waste-management companies headquartered in the United States that offer secure data destruction and refurbishment for retired corporate IT equipment, and publish evidence of a current R2 certification covering their processing facility.",Credentials and certifications,L4,Professional and business services,United States,HQ,unconstrained,IT asset disposition services,"[""headquarters"", ""service_offering"", ""certificate"", ""certificate_scope"", ""corporate_customer""]",[],"[""time_sensitive""]",current,Require both services and current facility-level R2 certification for same company; do not extend certification beyond scope; consolidate facilities.,"[{""id"": ""requirements"", ""description"": ""Find waste-management companies headquartered in the United States that offer secure data destruction and refurbishment for retired corporate IT equipment, and publish evidence of a current R2 certification covering their processing facility. Acceptance interpretation: Require both services and current facility-level R2 certification for same company; do not extend certification beyond scope; consolidate facilities."", ""evidence_types"": [""public_text""]}]","{""op"": ""condition"", ""condition_id"": ""requirements"", ""children"": []}",One independently operating company; do not merge distinct subsidiaries solely because they share a parent.,"HQ, destruction and refurbishment offerings, active R2 directory/certificate entry and processing-site scope.","[""public_text""]",Public evidence may be incomplete; absence of evidence is unknown.,unknown,unverified,A transport broker or resale marketplace may cite a downstream partner certification as its own.,"IT asset disposition, logistics and compliance workflow sales",original,[],[],,JOIN,public_web,2.0.0,ecosystem
CSB-251,226,Find wholesale distributors headquartered in Japan that sell industrial chemicals.,Firmographics,L1,Wholesale and distribution,Japan,headquarters,Any,Any,"[""industry"", ""geography""]",[],"[""simple"", ""undercovered_sector""]",Current as of reference_time,Company wholesales industrial chemicals to other businesses. Company headquarters are in Japan.,"[{""id"": ""c1"", ""description"": ""Company wholesales industrial chemicals to other businesses."", ""evidence_types"": [""public_text""]}, {""id"": ""c2"", ""description"": ""Company headquarters are in Japan."", ""evidence_types"": [""public_text""]}]","{""op"": ""all"", ""condition_id"": null, ""children"": [{""op"": ""condition"", ""condition_id"": ""c1"", ""children"": []}, {""op"": ""condition"", ""condition_id"": ""c2"", ""children"": []}]}",One independently operating company.,Affirmative public evidence establishing each condition; a missing source is unknown.,"[""public_text""]",Public evidence may be incomplete; absence of evidence is unknown.,unknown,unverified,Do not substitute customer location for company headquarters or a directory keyword for the actual service.,Build a prospect account list for a specialist B2B offering.,original,[],[],,AND,public_web,2.0.0,firmographic
CSB-252,227,Find film-production companies headquartered in Nigeria.,Firmographics,L1,Media and entertainment,Nigeria,headquarters,Any,Any,"[""industry"", ""geography""]",[],"[""simple"", ""undercovered_sector""]",Current as of reference_time,"Company produces films commercially; a cinema, broadcaster or film festival alone does not qualify. Company headquarters are in Nigeria.","[{""id"": ""c1"", ""description"": ""Company produces films commercially; a cinema, broadcaster or film festival alone does not qualify."", ""evidence_types"": [""public_text""]}, {""id"": ""c2"", ""description"": ""Company headquarters are in Nigeria."", ""evidence_types"": [""public_text""]}]","{""op"": ""all"", ""condition_id"": null, ""children"": [{""op"": ""condition"", ""condition_id"": ""c1"", ""children"": []}, {""op"": ""condition"", ""condition_id"": ""c2"", ""children"": []}]}",One independently operating company.,Affirmative public evidence establishing each condition; a missing source is unknown.,"[""public_text""]",Public evidence may be incomplete; absence of evidence is unknown.,unknown,unverified,Do not substitute customer location for company headquarters or a directory keyword for the actual service.,Build a prospect account list for a specialist B2B offering.,original,[],[],,AND,public_web,2.0.0,firmographic
CSB-253,228,Find internet-service providers headquartered in Indonesia.,Firmographics,L1,Telecommunications,Indonesia,headquarters,Any,Any,"[""industry"", ""geography""]",[],"[""simple"", ""undercovered_sector""]",Current as of reference_time,Company sells internet connectivity to customers over an operated or resold access network. Company headquarters are in Indonesia.,"[{""id"": ""c1"", ""description"": ""Company sells internet connectivity to customers over an operated or resold access network."", ""evidence_types"": [""public_text""]}, {""id"": ""c2"", ""description"": ""Company headquarters are in Indonesia."", ""evidence_types"": [""public_text""]}]","{""op"": ""all"", ""condition_id"": null, ""children"": [{""op"": ""condition"", ""condition_id"": ""c1"", ""children"": []}, {""op"": ""condition"", ""condition_id"": ""c2"", ""children"": []}]}",One independently operating company.,Affirmative public evidence establishing each condition; a missing source is unknown.,"[""public_text""]",Public evidence may be incomplete; absence of evidence is unknown.,unknown,unverified,Do not substitute customer location for company headquarters or a directory keyword for the actual service.,Build a prospect account list for a specialist B2B offering.,original,[],[],,AND,public_web,2.0.0,firmographic
CSB-254,229,Find coffee-exporting companies headquartered in Kenya.,Firmographics,L1,Agriculture and food,Kenya,headquarters,Any,Any,"[""industry"", ""geography""]",[],"[""simple"", ""undercovered_sector""]",Current as of reference_time,Company commercially exports coffee; a cafe or domestic-only retailer does not qualify. Company headquarters are in Kenya.,"[{""id"": ""c1"", ""description"": ""Company commercially exports coffee; a cafe or domestic-only retailer does not qualify."", ""evidence_types"": [""public_text""]}, {""id"": ""c2"", ""description"": ""Company headquarters are in Kenya."", ""evidence_types"": [""public_text""]}]","{""op"": ""all"", ""condition_id"": null, ""children"": [{""op"": ""condition"", ""condition_id"": ""c1"", ""children"": []}, {""op"": ""condition"", ""condition_id"": ""c2"", ""children"": []}]}",One independently operating company.,Affirmative public evidence establishing each condition; a missing source is unknown.,"[""public_text""]",Public evidence may be incomplete; absence of evidence is unknown.,unknown,unverified,Do not substitute customer location for company headquarters or a directory keyword for the actual service.,Build a prospect account list for a specialist B2B offering.,original,[],[],,AND,public_web,2.0.0,firmographic
CSB-255,230,Find commercial language-school operating companies headquartered in Vietnam.,Firmographics,L1,Education and training,Vietnam,headquarters,Any,Any,"[""industry"", ""geography""]",[],"[""simple"", ""undercovered_sector""]",Current as of reference_time,Company operates paid language classes under its own school brand; university departments do not qualify. Company headquarters are in Vietnam.,"[{""id"": ""c1"", ""description"": ""Company operates paid language classes under its own school brand; university departments do not qualify."", ""evidence_types"": [""public_text""]}, {""id"": ""c2"", ""description"": ""Company headquarters are in Vietnam."", ""evidence_types"": [""public_text""]}]","{""op"": ""all"", ""condition_id"": null, ""children"": [{""op"": ""condition"", ""condition_id"": ""c1"", ""children"": []}, {""op"": ""condition"", ""condition_id"": ""c2"", ""children"": []}]}",One independently operating company.,Affirmative public evidence establishing each condition; a missing source is unknown.,"[""public_text""]",Public evidence may be incomplete; absence of evidence is unknown.,unknown,unverified,Do not substitute customer location for company headquarters or a directory keyword for the actual service.,Build a prospect account list for a specialist B2B offering.,original,[],[],,AND,public_web,2.0.0,firmographic
CSB-256,231,Find search-engine optimization agencies headquartered in Chile.,Firmographics,L1,Marketing and advertising,Chile,headquarters,Any,Any,"[""industry"", ""geography""]",[],"[""simple"", ""undercovered_sector""]",Current as of reference_time,Company provides SEO services to external clients. Company headquarters are in Chile.,"[{""id"": ""c1"", ""description"": ""Company provides SEO services to external clients."", ""evidence_types"": [""public_text""]}, {""id"": ""c2"", ""description"": ""Company headquarters are in Chile."", ""evidence_types"": [""public_text""]}]","{""op"": ""all"", ""condition_id"": null, ""children"": [{""op"": ""condition"", ""condition_id"": ""c1"", ""children"": []}, {""op"": ""condition"", ""condition_id"": ""c2"", ""children"": []}]}",One independently operating company.,Affirmative public evidence establishing each condition; a missing source is unknown.,"[""public_text""]",Public evidence may be incomplete; absence of evidence is unknown.,unknown,unverified,Do not substitute customer location for company headquarters or a directory keyword for the actual service.,Build a prospect account list for a specialist B2B offering.,original,[],[],,AND,public_web,2.0.0,firmographic
CSB-257,232,Find architectural practices headquartered in Morocco that design commercial buildings.,Firmographics,L1,Professional and business services,Morocco,headquarters,Any,Any,"[""industry"", ""geography""]",[],"[""simple"", ""undercovered_sector""]",Current as of reference_time,Company offers architectural design for commercial buildings to clients. Company headquarters are in Morocco.,"[{""id"": ""c1"", ""description"": ""Company offers architectural design for commercial buildings to clients."", ""evidence_types"": [""public_text""]}, {""id"": ""c2"", ""description"": ""Company headquarters are in Morocco."", ""evidence_types"": [""public_text""]}]","{""op"": ""all"", ""condition_id"": null, ""children"": [{""op"": ""condition"", ""condition_id"": ""c1"", ""children"": []}, {""op"": ""condition"", ""condition_id"": ""c2"", ""children"": []}]}",One independently operating company.,Affirmative public evidence establishing each condition; a missing source is unknown.,"[""public_text""]",Public evidence may be incomplete; absence of evidence is unknown.,unknown,unverified,Do not substitute customer location for company headquarters or a directory keyword for the actual service.,Build a prospect account list for a specialist B2B offering.,original,[],[],,AND,public_web,2.0.0,firmographic
CSB-258,233,Find bookstore retail companies headquartered in Turkey.,Firmographics,L1,Retail and consumer goods,Turkey,headquarters,Any,Any,"[""industry"", ""geography""]",[],"[""simple"", ""undercovered_sector""]",Current as of reference_time,Company sells books directly to consumers through shops or its own online store. Company headquarters are in Turkey.,"[{""id"": ""c1"", ""description"": ""Company sells books directly to consumers through shops or its own online store."", ""evidence_types"": [""public_text""]}, {""id"": ""c2"", ""description"": ""Company headquarters are in Turkey."", ""evidence_types"": [""public_text""]}]","{""op"": ""all"", ""condition_id"": null, ""children"": [{""op"": ""condition"", ""condition_id"": ""c1"", ""children"": []}, {""op"": ""condition"", ""condition_id"": ""c2"", ""children"": []}]}",One independently operating company.,Affirmative public evidence establishing each condition; a missing source is unknown.,"[""public_text""]",Public evidence may be incomplete; absence of evidence is unknown.,unknown,unverified,Do not substitute customer location for company headquarters or a directory keyword for the actual service.,Build a prospect account list for a specialist B2B offering.,original,[],[],,AND,public_web,2.0.0,firmographic
CSB-259,234,Find furniture manufacturers headquartered in Vietnam.,Firmographics,L1,Manufacturing,Vietnam,headquarters,Any,Any,"[""industry"", ""geography""]",[],"[""simple"", ""undercovered_sector""]",Current as of reference_time,Company manufactures furniture; a reseller without manufacturing operations does not qualify. Company headquarters are in Vietnam.,"[{""id"": ""c1"", ""description"": ""Company manufactures furniture; a reseller without manufacturing operations does not qualify."", ""evidence_types"": [""public_text""]}, {""id"": ""c2"", ""description"": ""Company headquarters are in Vietnam."", ""evidence_types"": [""public_text""]}]","{""op"": ""all"", ""condition_id"": null, ""children"": [{""op"": ""condition"", ""condition_id"": ""c1"", ""children"": []}, {""op"": ""condition"", ""condition_id"": ""c2"", ""children"": []}]}",One independently operating company.,Affirmative public evidence establishing each condition; a missing source is unknown.,"[""public_text""]",Public evidence may be incomplete; absence of evidence is unknown.,unknown,unverified,Do not substitute customer location for company headquarters or a directory keyword for the actual service.,Build a prospect account list for a specialist B2B offering.,original,[],[],,AND,public_web,2.0.0,firmographic
CSB-260,235,Find campervan-rental companies headquartered in Portugal.,Firmographics,L1,Hospitality and leisure,Portugal,headquarters,Any,Any,"[""industry"", ""geography""]",[],"[""simple"", ""undercovered_sector""]",Current as of reference_time,Company rents campervans or motorhomes to customers; rental comparison sites alone do not qualify. Company headquarters are in Portugal.,"[{""id"": ""c1"", ""description"": ""Company rents campervans or motorhomes to customers; rental comparison sites alone do not qualify."", ""evidence_types"": [""public_text""]}, {""id"": ""c2"", ""description"": ""Company headquarters are in Portugal."", ""evidence_types"": [""public_text""]}]","{""op"": ""all"", ""condition_id"": null, ""children"": [{""op"": ""condition"", ""condition_id"": ""c1"", ""children"": []}, {""op"": ""condition"", ""condition_id"": ""c2"", ""children"": []}]}",One independently operating company.,Affirmative public evidence establishing each condition; a missing source is unknown.,"[""public_text""]",Public evidence may be incomplete; absence of evidence is unknown.,unknown,unverified,Do not substitute customer location for company headquarters or a directory keyword for the actual service.,Build a prospect account list for a specialist B2B offering.,original,[],[],,AND,public_web,2.0.0,firmographic
CSB-261,236,Find the corporate groups first designated as gatekeepers under the EU Digital Markets Act on 6 September 2023.,Finite public reference,L2,Software,European Union,cohort jurisdiction; not headquarters,Any,Any,"[""public_cohort"", ""historical_date""]",[],"[""finite_reference""]",Fixed historical cohort: 2023-09-06,"Company is a member of the complete dated cohort specified in the query. Return the six designated corporate groups, not their individual designated platform services; later designations do not qualify.","[{""id"": ""c1"", ""description"": ""Company is a member of the complete dated cohort specified in the query. Return the six designated corporate groups, not their individual designated platform services; later designations do not qualify."", ""evidence_types"": [""public_text""]}]","{""op"": ""all"", ""condition_id"": null, ""children"": [{""op"": ""condition"", ""condition_id"": ""c1"", ""children"": []}]}","Return the six designated corporate groups, not their individual designated platform services; later designations do not qualify.",The cited primary authority names the entire bounded cohort. Resolve aliases to the historical awardee or designated company.,"[""public_text""]",Complete membership is explicitly enumerated by the primary authority.,6,verified_nonempty,"Return the six designated corporate groups, not their individual designated platform services; later designations do not qualify.","Build a complete target account cohort for an ecosystem, regulatory, procurement or award-based campaign.",source_inspired,"[""REF-01""]","[""https://digital-strategy.ec.europa.eu/en/news/digital-markets-act-commission-designates-six-gatekeepers""]","{""companies"": [{""name"": ""Alphabet"", ""domain"": ""abc.xyz"", ""aliases"": [""Google""]}, {""name"": ""Amazon"", ""domain"": ""amazon.com"", ""aliases"": []}, {""name"": ""Apple"", ""domain"": ""apple.com"", ""aliases"": []}, {""name"": ""ByteDance"", ""domain"": ""bytedance.com"", ""aliases"": []}, {""name"": ""Meta"", ""domain"": ""meta.com"", ""aliases"": [""Meta Platforms"", ""Facebook""]}, {""name"": ""Microsoft"", ""domain"": ""microsoft.com"", ""aliases"": []}], ""exhaustive"": true, ""source_urls"": [""https://digital-strategy.ec.europa.eu/en/news/digital-markets-act-commission-designates-six-gatekeepers""], ""as_of"": ""2023-09-06"", ""notes"": ""Return the six designated corporate groups, not their individual designated platform services; later designations do not qualify. Exhaustive only for this explicitly dated cohort, not the wider industry. Domains are identity locators, not proof of cohort membership.""}",AND,public_web,2.0.0,finite_reference
CSB-262,237,Find the banking groups and building society identified as the CMA9 in the UK Competition and Markets Authority’s 1 October 2021 Open Banking update.,Finite public reference,L2,Financial services,United Kingdom,cohort jurisdiction; not headquarters,Any,Any,"[""public_cohort"", ""historical_date""]",[],"[""finite_reference""]",Fixed historical cohort: 2021-10-01,"Company is a member of the complete dated cohort specified in the query. Return one group per named CMA9 member, including the building society; individual subsidiary bank brands are not additional results.","[{""id"": ""c1"", ""description"": ""Company is a member of the complete dated cohort specified in the query. Return one group per named CMA9 member, including the building society; individual subsidiary bank brands are not additional results."", ""evidence_types"": [""public_text""]}]","{""op"": ""all"", ""condition_id"": null, ""children"": [{""op"": ""condition"", ""condition_id"": ""c1"", ""children"": []}]}","Return one group per named CMA9 member, including the building society; individual subsidiary bank brands are not additional results.",The cited primary authority names the entire bounded cohort. Resolve aliases to the historical awardee or designated company.,"[""public_text""]",Complete membership is explicitly enumerated by the primary authority.,9,verified_nonempty,"Return one group per named CMA9 member, including the building society; individual subsidiary bank brands are not additional results.","Build a complete target account cohort for an ecosystem, regulatory, procurement or award-based campaign.",source_inspired,"[""REF-02""]","[""https://www.gov.uk/government/news/update-on-open-banking""]","{""companies"": [{""name"": ""AIB Group"", ""domain"": ""aib.ie"", ""aliases"": [""AIBG"", ""Allied Irish Banks""]}, {""name"": ""Bank of Ireland"", ""domain"": ""bankofireland.com"", ""aliases"": []}, {""name"": ""Barclays"", ""domain"": ""barclays.com"", ""aliases"": []}, {""name"": ""Danske Bank"", ""domain"": ""danskebank.com"", ""aliases"": [""Danske""]}, {""name"": ""HSBC"", ""domain"": ""hsbc.com"", ""aliases"": []}, {""name"": ""Lloyds Banking Group"", ""domain"": ""lloydsbankinggroup.com"", ""aliases"": []}, {""name"": ""Nationwide Building Society"", ""domain"": ""nationwide.co.uk"", ""aliases"": []}, {""name"": ""NatWest Group"", ""domain"": ""natwestgroup.com"", ""aliases"": [""Royal Bank of Scotland Group""]}, {""name"": ""Santander"", ""domain"": ""santander.com"", ""aliases"": [""Santander UK""]}], ""exhaustive"": true, ""source_urls"": [""https://www.gov.uk/government/news/update-on-open-banking""], ""as_of"": ""2021-10-01"", ""notes"": ""Return one group per named CMA9 member, including the building society; individual subsidiary bank brands are not additional results. Exhaustive only for this explicitly dated cohort, not the wider industry. Domains are identity locators, not proof of cohort membership.""}",AND,public_web,2.0.0,finite_reference
CSB-263,238,Find the companies awarded NASA Commercial Crew Transportation Capability contracts in September 2014.,Finite public reference,L2,Manufacturing,United States,cohort jurisdiction; not headquarters,Any,Any,"[""public_cohort"", ""historical_date""]",[],"[""finite_reference""]",Fixed historical cohort: 2014-09-16,Company is a member of the complete dated cohort specified in the query. Only the September 2014 CCtCap award recipients qualify; earlier development awardees and subcontractors do not.,"[{""id"": ""c1"", ""description"": ""Company is a member of the complete dated cohort specified in the query. Only the September 2014 CCtCap award recipients qualify; earlier development awardees and subcontractors do not."", ""evidence_types"": [""public_text""]}]","{""op"": ""all"", ""condition_id"": null, ""children"": [{""op"": ""condition"", ""condition_id"": ""c1"", ""children"": []}]}",Only the September 2014 CCtCap award recipients qualify; earlier development awardees and subcontractors do not.,The cited primary authority names the entire bounded cohort. Resolve aliases to the historical awardee or designated company.,"[""public_text""]",Complete membership is explicitly enumerated by the primary authority.,2,verified_nonempty,Only the September 2014 CCtCap award recipients qualify; earlier development awardees and subcontractors do not.,"Build a complete target account cohort for an ecosystem, regulatory, procurement or award-based campaign.",source_inspired,"[""REF-03""]","[""https://www.nasa.gov/news-release/nasa-chooses-american-companies-to-transport-u-s-astronauts-to-international-space-station/""]","{""companies"": [{""name"": ""Boeing"", ""domain"": ""boeing.com"", ""aliases"": [""The Boeing Company""]}, {""name"": ""SpaceX"", ""domain"": ""spacex.com"", ""aliases"": [""Space Exploration Technologies""]}], ""exhaustive"": true, ""source_urls"": [""https://www.nasa.gov/news-release/nasa-chooses-american-companies-to-transport-u-s-astronauts-to-international-space-station/""], ""as_of"": ""2014-09-16"", ""notes"": ""Only the September 2014 CCtCap award recipients qualify; earlier development awardees and subcontractors do not. Exhaustive only for this explicitly dated cohort, not the wider industry. Domains are identity locators, not proof of cohort membership.""}",AND,public_web,2.0.0,finite_reference
CSB-264,239,Find the lead companies that signed NASA’s initial funded Commercial Low Earth Orbit Destinations agreements announced on 2 December 2021.,Finite public reference,L2,Manufacturing,United States,cohort jurisdiction; not headquarters,Any,Any,"[""public_cohort"", ""historical_date""]",[],"[""finite_reference""]",Fixed historical cohort: 2021-12-02,"Company is a member of the complete dated cohort specified in the query. Return the three original lead agreement recipients; consortium partners, later successor ventures and later awards are not additional companies.","[{""id"": ""c1"", ""description"": ""Company is a member of the complete dated cohort specified in the query. Return the three original lead agreement recipients; consortium partners, later successor ventures and later awards are not additional companies."", ""evidence_types"": [""public_text""]}]","{""op"": ""all"", ""condition_id"": null, ""children"": [{""op"": ""condition"", ""condition_id"": ""c1"", ""children"": []}]}","Return the three original lead agreement recipients; consortium partners, later successor ventures and later awards are not additional companies.",The cited primary authority names the entire bounded cohort. Resolve aliases to the historical awardee or designated company.,"[""public_text""]",Complete membership is explicitly enumerated by the primary authority.,3,verified_nonempty,"Return the three original lead agreement recipients; consortium partners, later successor ventures and later awards are not additional companies.","Build a complete target account cohort for an ecosystem, regulatory, procurement or award-based campaign.",source_inspired,"[""REF-04""]","[""https://www.nasa.gov/news-release/nasa-selects-companies-to-develop-commercial-destinations-in-space/""]","{""companies"": [{""name"": ""Blue Origin"", ""domain"": ""blueorigin.com"", ""aliases"": []}, {""name"": ""Nanoracks"", ""domain"": ""nanoracks.com"", ""aliases"": [""Nanoracks LLC""]}, {""name"": ""Northrop Grumman"", ""domain"": ""northropgrumman.com"", ""aliases"": [""Northrop Grumman Systems Corporation""]}], ""exhaustive"": true, ""source_urls"": [""https://www.nasa.gov/news-release/nasa-selects-companies-to-develop-commercial-destinations-in-space/""], ""as_of"": ""2021-12-02"", ""notes"": ""Return the three original lead agreement recipients; consortium partners, later successor ventures and later awards are not additional companies. Exhaustive only for this explicitly dated cohort, not the wider industry. Domains are identity locators, not proof of cohort membership.""}",AND,public_web,2.0.0,finite_reference
CSB-265,240,Find the companies granted spectrum licences in Ofcom’s final 700 MHz and 3.6–3.8 GHz auction results published on 27 April 2021.,Finite public reference,L2,Telecommunications,United Kingdom,cohort jurisdiction; not headquarters,Any,Any,"[""public_cohort"", ""historical_date""]",[],"[""finite_reference""]",Fixed historical cohort: 2021-04-27,"Company is a member of the complete dated cohort specified in the query. Return the four UK licensees as named in the dated award, not later merged groups or foreign parent companies.","[{""id"": ""c1"", ""description"": ""Company is a member of the complete dated cohort specified in the query. Return the four UK licensees as named in the dated award, not later merged groups or foreign parent companies."", ""evidence_types"": [""public_text""]}]","{""op"": ""all"", ""condition_id"": null, ""children"": [{""op"": ""condition"", ""condition_id"": ""c1"", ""children"": []}]}","Return the four UK licensees as named in the dated award, not later merged groups or foreign parent companies.",The cited primary authority names the entire bounded cohort. Resolve aliases to the historical awardee or designated company.,"[""public_text""]",Complete membership is explicitly enumerated by the primary authority.,4,verified_nonempty,"Return the four UK licensees as named in the dated award, not later merged groups or foreign parent companies.","Build a complete target account cohort for an ecosystem, regulatory, procurement or award-based campaign.",source_inspired,"[""REF-05""]","[""https://www.ofcom.org.uk/spectrum/spectrum-awards/final-spectrum-auction-results""]","{""companies"": [{""name"": ""EE Limited"", ""domain"": ""ee.co.uk"", ""aliases"": [""EE""]}, {""name"": ""Hutchison 3G UK Limited"", ""domain"": ""three.co.uk"", ""aliases"": [""Three UK"", ""Hutchison 3G UK""]}, {""name"": ""Telefonica UK Limited"", ""domain"": ""o2.co.uk"", ""aliases"": [""Telefónica UK Limited"", ""O2 UK"", ""O2""]}, {""name"": ""Vodafone Limited"", ""domain"": ""vodafone.co.uk"", ""aliases"": [""Vodafone UK""]}], ""exhaustive"": true, ""source_urls"": [""https://www.ofcom.org.uk/spectrum/spectrum-awards/final-spectrum-auction-results""], ""as_of"": ""2021-04-27"", ""notes"": ""Return the four UK licensees as named in the dated award, not later merged groups or foreign parent companies. Exhaustive only for this explicitly dated cohort, not the wider industry. Domains are identity locators, not proof of cohort membership.""}",AND,public_web,2.0.0,finite_reference
CSB-266,241,Find the companies selected for the next stage of Great British Nuclear’s small modular reactor competition in the UK government announcement of 2 October 2023.,Finite public reference,L2,Energy and utilities,United Kingdom,cohort jurisdiction; not headquarters,Any,Any,"[""public_cohort"", ""historical_date""]",[],"[""finite_reference""]",Fixed historical cohort: 2023-10-02,"Company is a member of the complete dated cohort specified in the query. Use the six companies in the October 2023 shortlist, not the later four-company shortlist or eventual winner; return the named operating company, with its parent-domain locator accepted.","[{""id"": ""c1"", ""description"": ""Company is a member of the complete dated cohort specified in the query. Use the six companies in the October 2023 shortlist, not the later four-company shortlist or eventual winner; return the named operating company, with its parent-domain locator accepted."", ""evidence_types"": [""public_text""]}]","{""op"": ""all"", ""condition_id"": null, ""children"": [{""op"": ""condition"", ""condition_id"": ""c1"", ""children"": []}]}","Use the six companies in the October 2023 shortlist, not the later four-company shortlist or eventual winner; return the named operating company, with its parent-domain locator accepted.",The cited primary authority names the entire bounded cohort. Resolve aliases to the historical awardee or designated company.,"[""public_text""]",Complete membership is explicitly enumerated by the primary authority.,6,verified_nonempty,"Use the six companies in the October 2023 shortlist, not the later four-company shortlist or eventual winner; return the named operating company, with its parent-domain locator accepted.","Build a complete target account cohort for an ecosystem, regulatory, procurement or award-based campaign.",source_inspired,"[""REF-06""]","[""https://www.gov.uk/government/news/six-companies-through-to-next-stage-of-nuclear-technology-competition""]","{""companies"": [{""name"": ""EDF"", ""domain"": ""edf.fr"", ""aliases"": []}, {""name"": ""GE-Hitachi Nuclear Energy International"", ""domain"": ""gevernova.com"", ""aliases"": [""GE Hitachi"", ""GE-Hitachi Nuclear Energy International LLC""]}, {""name"": ""Holtec Britain"", ""domain"": ""holtecinternational.com"", ""aliases"": [""Holtec Britain Limited""]}, {""name"": ""NuScale Power"", ""domain"": ""nuscalepower.com"", ""aliases"": []}, {""name"": ""Rolls-Royce SMR"", ""domain"": ""rolls-royce-smr.com"", ""aliases"": [""Rolls Royce SMR""]}, {""name"": ""Westinghouse Electric Company UK"", ""domain"": ""westinghousenuclear.com"", ""aliases"": [""Westinghouse Electric Company UK Limited""]}], ""exhaustive"": true, ""source_urls"": [""https://www.gov.uk/government/news/six-companies-through-to-next-stage-of-nuclear-technology-competition""], ""as_of"": ""2023-10-02"", ""notes"": ""Use the six companies in the October 2023 shortlist, not the later four-company shortlist or eventual winner; return the named operating company, with its parent-domain locator accepted. Exhaustive only for this explicitly dated cohort, not the wider industry. Domains are identity locators, not proof of cohort membership.""}",AND,public_web,2.0.0,finite_reference
CSB-267,242,Find the companies to which the FDA granted the first sickle-cell disease gene-therapy approvals announced on 8 December 2023.,Finite public reference,L2,Healthcare and life sciences,United States,cohort jurisdiction; not headquarters,Any,Any,"[""public_cohort"", ""historical_date""]",[],"[""finite_reference""]",Fixed historical cohort: 2023-12-08,"Company is a member of the complete dated cohort specified in the query. Return the two approval recipients named by FDA, not research partners, drug names, treatment centers or later owners.","[{""id"": ""c1"", ""description"": ""Company is a member of the complete dated cohort specified in the query. Return the two approval recipients named by FDA, not research partners, drug names, treatment centers or later owners."", ""evidence_types"": [""public_text""]}]","{""op"": ""all"", ""condition_id"": null, ""children"": [{""op"": ""condition"", ""condition_id"": ""c1"", ""children"": []}]}","Return the two approval recipients named by FDA, not research partners, drug names, treatment centers or later owners.",The cited primary authority names the entire bounded cohort. Resolve aliases to the historical awardee or designated company.,"[""public_text""]",Complete membership is explicitly enumerated by the primary authority.,2,verified_nonempty,"Return the two approval recipients named by FDA, not research partners, drug names, treatment centers or later owners.","Build a complete target account cohort for an ecosystem, regulatory, procurement or award-based campaign.",source_inspired,"[""REF-07""]","[""https://www.fda.gov/news-events/press-announcements/fda-approves-first-gene-therapies-treat-patients-sickle-cell-disease""]","{""companies"": [{""name"": ""Vertex Pharmaceuticals"", ""domain"": ""vrtx.com"", ""aliases"": [""Vertex Pharmaceuticals Inc.""]}, {""name"": ""bluebird bio"", ""domain"": ""bluebirdbio.com"", ""aliases"": [""Bluebird Bio Inc.""]}], ""exhaustive"": true, ""source_urls"": [""https://www.fda.gov/news-events/press-announcements/fda-approves-first-gene-therapies-treat-patients-sickle-cell-disease""], ""as_of"": ""2023-12-08"", ""notes"": ""Return the two approval recipients named by FDA, not research partners, drug names, treatment centers or later owners. Exhaustive only for this explicitly dated cohort, not the wider industry. Domains are identity locators, not proof of cohort membership.""}",AND,public_web,2.0.0,finite_reference
CSB-268,243,"Find the commercial-company winners of the US EPA’s 2023 Green Chemistry Challenge Awards, excluding the academic award.",Finite public reference,L2,Manufacturing,United States,cohort jurisdiction; not headquarters,Any,Any,"[""public_cohort"", ""historical_date""]",[],"[""finite_reference""]",Fixed historical cohort: 2023-10-23,Company is a member of the complete dated cohort specified in the query. Return the five commercial-company winners in the October 2023 announcement; exclude University of Michigan and awards from other years.,"[{""id"": ""c1"", ""description"": ""Company is a member of the complete dated cohort specified in the query. Return the five commercial-company winners in the October 2023 announcement; exclude University of Michigan and awards from other years."", ""evidence_types"": [""public_text""]}]","{""op"": ""all"", ""condition_id"": null, ""children"": [{""op"": ""condition"", ""condition_id"": ""c1"", ""children"": []}]}",Return the five commercial-company winners in the October 2023 announcement; exclude University of Michigan and awards from other years.,The cited primary authority names the entire bounded cohort. Resolve aliases to the historical awardee or designated company.,"[""public_text""]",Complete membership is explicitly enumerated by the primary authority.,5,verified_nonempty,Return the five commercial-company winners in the October 2023 announcement; exclude University of Michigan and awards from other years.,"Build a complete target account cohort for an ecosystem, regulatory, procurement or award-based campaign.",source_inspired,"[""REF-08""]","[""https://www.epa.gov/newsreleases/epa-announces-winners-2023-green-chemistry-challenge-awards""]","{""companies"": [{""name"": ""The Clorox Company"", ""domain"": ""thecloroxcompany.com"", ""aliases"": [""Clorox""]}, {""name"": ""Solugen"", ""domain"": ""solugen.com"", ""aliases"": []}, {""name"": ""Captis Aire"", ""domain"": ""captisaire.com"", ""aliases"": [""Captis Aire LLC""]}, {""name"": ""Modern Meadow"", ""domain"": ""modernmeadow.com"", ""aliases"": []}, {""name"": ""Air Company"", ""domain"": ""aircompany.com"", ""aliases"": []}], ""exhaustive"": true, ""source_urls"": [""https://www.epa.gov/newsreleases/epa-announces-winners-2023-green-chemistry-challenge-awards""], ""as_of"": ""2023-10-23"", ""notes"": ""Return the five commercial-company winners in the October 2023 announcement; exclude University of Michigan and awards from other years. Exhaustive only for this explicitly dated cohort, not the wider industry. Domains are identity locators, not proof of cohort membership.""}",AND,public_web,2.0.0,finite_reference
CSB-269,244,Find the lead companies selected for the two Advanced Reactor Demonstration Program awards announced by the US Department of Energy on 13 October 2020.,Finite public reference,L2,Energy and utilities,United States,cohort jurisdiction; not headquarters,Any,Any,"[""public_cohort"", ""historical_date""]",[],"[""finite_reference""]",Fixed historical cohort: 2020-10-13,Company is a member of the complete dated cohort specified in the query. Return the two lead recipients of these initial demonstration awards; exclude subcontractors and the separate risk-reduction and ARC-20 award cohorts.,"[{""id"": ""c1"", ""description"": ""Company is a member of the complete dated cohort specified in the query. Return the two lead recipients of these initial demonstration awards; exclude subcontractors and the separate risk-reduction and ARC-20 award cohorts."", ""evidence_types"": [""public_text""]}]","{""op"": ""all"", ""condition_id"": null, ""children"": [{""op"": ""condition"", ""condition_id"": ""c1"", ""children"": []}]}",Return the two lead recipients of these initial demonstration awards; exclude subcontractors and the separate risk-reduction and ARC-20 award cohorts.,The cited primary authority names the entire bounded cohort. Resolve aliases to the historical awardee or designated company.,"[""public_text""]",Complete membership is explicitly enumerated by the primary authority.,2,verified_nonempty,Return the two lead recipients of these initial demonstration awards; exclude subcontractors and the separate risk-reduction and ARC-20 award cohorts.,"Build a complete target account cohort for an ecosystem, regulatory, procurement or award-based campaign.",source_inspired,"[""REF-09""]","[""https://www.energy.gov/ne/articles/us-department-energy-announces-160-million-first-awards-under-advanced-reactor""]","{""companies"": [{""name"": ""TerraPower"", ""domain"": ""terrapower.com"", ""aliases"": [""TerraPower LLC""]}, {""name"": ""X-energy"", ""domain"": ""x-energy.com"", ""aliases"": [""X Energy""]}], ""exhaustive"": true, ""source_urls"": [""https://www.energy.gov/ne/articles/us-department-energy-announces-160-million-first-awards-under-advanced-reactor""], ""as_of"": ""2020-10-13"", ""notes"": ""Return the two lead recipients of these initial demonstration awards; exclude subcontractors and the separate risk-reduction and ARC-20 award cohorts. Exhaustive only for this explicitly dated cohort, not the wider industry. Domains are identity locators, not proof of cohort membership.""}",AND,public_web,2.0.0,finite_reference
CSB-270,245,Find the five companies with the most published PCT applications in 2023 according to WIPO’s March 2024 international filing statistics release.,Finite public reference,L2,Manufacturing,Global,cohort jurisdiction; not headquarters,Any,Any,"[""public_cohort"", ""historical_date""]",[],"[""finite_reference""]",Fixed historical cohort: 2024-03-07,"Company is a member of the complete dated cohort specified in the query. Use published PCT applications in calendar 2023, not national patents, 2024 applications, trademark filings or industrial designs; return the corporate applicants ranked first through fifth.","[{""id"": ""c1"", ""description"": ""Company is a member of the complete dated cohort specified in the query. Use published PCT applications in calendar 2023, not national patents, 2024 applications, trademark filings or industrial designs; return the corporate applicants ranked first through fifth."", ""evidence_types"": [""public_text""]}]","{""op"": ""all"", ""condition_id"": null, ""children"": [{""op"": ""condition"", ""condition_id"": ""c1"", ""children"": []}]}","Use published PCT applications in calendar 2023, not national patents, 2024 applications, trademark filings or industrial designs; return the corporate applicants ranked first through fifth.",The cited primary authority names the entire bounded cohort. Resolve aliases to the historical awardee or designated company.,"[""public_text""]",Complete membership is explicitly enumerated by the primary authority.,5,verified_nonempty,"Use published PCT applications in calendar 2023, not national patents, 2024 applications, trademark filings or industrial designs; return the corporate applicants ranked first through fifth.","Build a complete target account cohort for an ecosystem, regulatory, procurement or award-based campaign.",source_inspired,"[""REF-10""]","[""https://www.wipo.int/pressroom/en/articles/2024/article_0002.html""]","{""companies"": [{""name"": ""Huawei Technologies"", ""domain"": ""huawei.com"", ""aliases"": [""Huawei""]}, {""name"": ""Samsung Electronics"", ""domain"": ""samsung.com"", ""aliases"": []}, {""name"": ""Qualcomm"", ""domain"": ""qualcomm.com"", ""aliases"": [""Qualcomm Incorporated""]}, {""name"": ""Mitsubishi Electric"", ""domain"": ""mitsubishielectric.com"", ""aliases"": [""Mitsubishi Electric Corporation""]}, {""name"": ""BOE Technology"", ""domain"": ""boe.com"", ""aliases"": [""BOE Technology Group""]}], ""exhaustive"": true, ""source_urls"": [""https://www.wipo.int/pressroom/en/articles/2024/article_0002.html""], ""as_of"": ""2024-03-07"", ""notes"": ""Use published PCT applications in calendar 2023, not national patents, 2024 applications, trademark filings or industrial designs; return the corporate applicants ranked first through fifth. Exhaustive only for this explicitly dated cohort, not the wider industry. Domains are identity locators, not proof of cohort membership.""}",AND,public_web,2.0.0,finite_reference
CSB-271,246,Find beverage manufacturers that announced opening a new factory in Mexico in the last 365 days.,Expansion,L3,Manufacturing,Mexico,operations,Any,Any,"[""industry"", ""geography""]","[""facility_opening""]","[""time_sensitive"", ""undercovered_sector""]",Rolling window stated in query,"Company manufactures beverages. A dated public announcement establishes that a new factory in Mexico actually opened within (reference_time minus 365 days, reference_time]; planned construction alone does not qualify.","[{""id"": ""c1"", ""description"": ""Company manufactures beverages."", ""evidence_types"": [""public_text""]}, {""id"": ""c2"", ""description"": ""A dated public announcement establishes that a new factory in Mexico actually opened within (reference_time minus 365 days, reference_time]; planned construction alone does not qualify."", ""evidence_types"": [""public_text""]}]","{""op"": ""all"", ""condition_id"": null, ""children"": [{""op"": ""condition"", ""condition_id"": ""c1"", ""children"": []}, {""op"": ""condition"", ""condition_id"": ""c2"", ""children"": []}]}",One independently operating company.,Affirmative public evidence establishing each condition; a missing source is unknown.,"[""public_text""]",Public evidence may be incomplete; absence of evidence is unknown.,unknown,unverified,Do not substitute customer location for company headquarters or a directory keyword for the actual service.,Build a prospect account list for a specialist B2B offering.,original,[],[],,AND,public_web,2.0.0,signals
CSB-272,247,Find logistics companies headquartered in Kenya that publicly announced the appointment of a new chief executive in the last 180 days.,Leadership change,L3,Transportation and logistics,Kenya,headquarters,Any,Any,"[""industry"", ""geography""]","[""new_executive""]","[""time_sensitive"", ""undercovered_sector""]",Rolling window stated in query,"Company provides commercial logistics services and is headquartered in Kenya. A dated public announcement within (reference_time minus 180 days, reference_time] names an appointed chief executive; a vacancy or unconfirmed report does not qualify.","[{""id"": ""c1"", ""description"": ""Company provides commercial logistics services and is headquartered in Kenya."", ""evidence_types"": [""public_text""]}, {""id"": ""c2"", ""description"": ""A dated public announcement within (reference_time minus 180 days, reference_time] names an appointed chief executive; a vacancy or unconfirmed report does not qualify."", ""evidence_types"": [""public_text""]}]","{""op"": ""all"", ""condition_id"": null, ""children"": [{""op"": ""condition"", ""condition_id"": ""c1"", ""children"": []}, {""op"": ""condition"", ""condition_id"": ""c2"", ""children"": []}]}",One independently operating company.,Affirmative public evidence establishing each condition; a missing source is unknown.,"[""public_text""]",Public evidence may be incomplete; absence of evidence is unknown.,unknown,unverified,Do not substitute customer location for company headquarters or a directory keyword for the actual service.,Build a prospect account list for a specialist B2B offering.,original,[],[],,AND,public_web,2.0.0,signals
CSB-273,248,Find commercial language-learning companies headquartered in the United Kingdom that launched a new mobile learning app in the last 180 days.,Product and business-model change,L3,Education and training,United Kingdom,headquarters,Any,Any,"[""industry"", ""geography""]","[""product_launch""]","[""time_sensitive"", ""undercovered_sector""]",Rolling window stated in query,"Company sells language-learning products or services and is headquartered in the United Kingdom. A dated public launch announcement within (reference_time minus 180 days, reference_time] identifies a new mobile learning app, with a currently accessible app-store listing; routine updates alone do not qualify.","[{""id"": ""c1"", ""description"": ""Company sells language-learning products or services and is headquartered in the United Kingdom."", ""evidence_types"": [""public_text""]}, {""id"": ""c2"", ""description"": ""A dated public launch announcement within (reference_time minus 180 days, reference_time] identifies a new mobile learning app, with a currently accessible app-store listing; routine updates alone do not qualify."", ""evidence_types"": [""public_text""]}]","{""op"": ""all"", ""condition_id"": null, ""children"": [{""op"": ""condition"", ""condition_id"": ""c1"", ""children"": []}, {""op"": ""condition"", ""condition_id"": ""c2"", ""children"": []}]}",One independently operating company.,Affirmative public evidence establishing each condition; a missing source is unknown.,"[""public_text""]",Public evidence may be incomplete; absence of evidence is unknown.,unknown,unverified,Do not substitute customer location for company headquarters or a directory keyword for the actual service.,Build a prospect account list for a specialist B2B offering.,original,[],[],,AND,public_web,2.0.0,signals
CSB-274,249,Find publishing companies headquartered in France that publicly announced completing an acquisition of another publisher in the last 365 days.,Ownership,L3,Media and entertainment,France,headquarters,Any,Any,"[""industry"", ""geography""]","[""acquisition""]","[""time_sensitive"", ""undercovered_sector""]",Rolling window stated in query,"Acquirer is a publishing company headquartered in France. A public announcement states the acquisition of another publisher completed within (reference_time minus 365 days, reference_time]; proposed deals do not qualify. Return the acquirer.","[{""id"": ""c1"", ""description"": ""Acquirer is a publishing company headquartered in France."", ""evidence_types"": [""public_text""]}, {""id"": ""c2"", ""description"": ""A public announcement states the acquisition of another publisher completed within (reference_time minus 365 days, reference_time]; proposed deals do not qualify. Return the acquirer."", ""evidence_types"": [""public_text""]}]","{""op"": ""all"", ""condition_id"": null, ""children"": [{""op"": ""condition"", ""condition_id"": ""c1"", ""children"": []}, {""op"": ""condition"", ""condition_id"": ""c2"", ""children"": []}]}",One independently operating company.,Affirmative public evidence establishing each condition; a missing source is unknown.,"[""public_text""]",Public evidence may be incomplete; absence of evidence is unknown.,unknown,unverified,Do not substitute customer location for company headquarters or a directory keyword for the actual service.,Build a prospect account list for a specialist B2B offering.,original,[],[],,AND,public_web,2.0.0,signals
CSB-275,250,Find wholesale distribution companies headquartered in Indonesia that currently advertise a warehouse-manager vacancy first posted in the last 90 days.,Hiring demand,L3,Wholesale and distribution,Indonesia,headquarters,Any,Any,"[""industry"", ""geography""]","[""open_role""]","[""time_sensitive"", ""undercovered_sector""]",Rolling window stated in query,"Employer is a wholesale distribution company headquartered in Indonesia. An employer-controlled or attributable public vacancy is for a warehouse manager, remains open, and has a supported original posting date within (reference_time minus 90 days, reference_time]. Staffing-agency client vacancies and unverified repost dates do not qualify.","[{""id"": ""c1"", ""description"": ""Employer is a wholesale distribution company headquartered in Indonesia."", ""evidence_types"": [""public_text""]}, {""id"": ""c2"", ""description"": ""An employer-controlled or attributable public vacancy is for a warehouse manager, remains open, and has a supported original posting date within (reference_time minus 90 days, reference_time]. Staffing-agency client vacancies and unverified repost dates do not qualify."", ""evidence_types"": [""public_text""]}]","{""op"": ""all"", ""condition_id"": null, ""children"": [{""op"": ""condition"", ""condition_id"": ""c1"", ""children"": []}, {""op"": ""condition"", ""condition_id"": ""c2"", ""children"": []}]}",One independently operating company.,Affirmative public evidence establishing each condition; a missing source is unknown.,"[""public_text""]",Public evidence may be incomplete; absence of evidence is unknown.,unknown,unverified,Do not substitute customer location for company headquarters or a directory keyword for the actual service.,Build a prospect account list for a specialist B2B offering.,original,[],[],,AND,public_web,2.0.0,signals
